{
  "enableUIDisplayConfiguration": true,
  "uiDisplayConfigurations": {
	"loanAccount": {
	  "isHiddenField": {
		"fundId": false,
		"linkAccountId": false,
		"createStandingInstruction": false,
		"numberOfRepayments": false,
		"repaymentEvery": false,
		"repaymentFrequencyType": false,
		"repaymentFrequencyNthDayType": false,
		"repaymentFrequencyDayOfWeekType": false,
		"interestChargedFromDate": false,
		"repaymentsStartingFromDate": false,
		"interestType": false,
		"amortizationType": false,
		"interestCalculationPeriodType": false,
		"inArrearsTolerance": false,
		"graceOnInterestCharged": false,
		"transactionProcessingStrategyId": false,
		"graceOnInterestPayment": false,
		"graceOnArrearsAgeing": false
	  },
	  "isHiddenSection": {
		"interestRecalculationSection": false,
		"collateralSection": false
	  },
	  "isReadOnlyField": {
		"loanTermFrequencyType": false
	  }
	},
	"whiteLabel": {
		"loginPage":{
			"hideCommunityDetails": true,
			"releaseDetails": true,
			"companyName": "Thezesha"
		}
	}
  }
}