{
	"@metadata": {
		"authors": [
			"Ainali",
			"Bengtsson96",
			"Fader",
			"Jenniesarina",
			"Jkl",
			"Jopparn",
			"Josve05a",
			"Lokal Profil",
			"Per",
			"Sabelöga",
			"Tobulos1",
			"Tölvuforritari",
			"Umeaboy",
			"WikiPhoenix"
		]
	},
	"label.heading.totalshares": "Andelar totalt",
	"label.heading.minimumactiveperiod": "Delar per Klient",
	"label.heading.suspenseaccount": "Stäng av konto",
	"label.heading.name": "Namn",
	"label.heading.alias": "Alias",
	"label.heading.country": "Land",
	"label.heading.startdate": "Startdatum",
	"label.heading.enddate": "Slutdatum",
	"label.heading.is_active": "is_active",
	"label.heading.accnum": "Konto #",
	"label.heading.staff": "Personal",
	"label.heading.office": "Kontor",
	"label.heading.delete": "Bekräfta radering?",
	"label.heading.reject": "Bekräfta avvisning?",
	"label.heading.deleterole": "Radera roll",
	"label.heading.disablerole": "Inaktivera roll",
	"label.heading.disabled": "Inaktiverad",
	"label.heading.enabledrole": "Aktiverad",
	"label.heading.enablerole": "Aktivera roll",
	"label.heading.assignstaff": "Tilldela personal",
	"label.heading.general": "Allmänt",
	"label.heading.settings": "Inställningar",
	"label.heading.status": "Status",
	"label.heading.loanaccount": "Lånkonto",
	"label.heading.type": "Typ",
	"label.heading.category": "Kategori",
	"label.heading.balance": "Balans",
	"label.heading.viewreceipts": "Visa recept",
	"label.heading.savingaccount": "Sparkonto",
	"label.heading.description": "Beskrivning",
	"label.heading.shortname": "Kort namn",
	"label.heading.approve": "Bekräfta godkännande?",
	"label.heading.actions": "Åtgärder",
	"label.heading.loanaccoverview": "Översikt för lånkonto",
	"label.heading.upcomingcharges": "Kommande ändringar",
	"label.heading.savingsaccoverview": "Översikt för sparkonto",
	"label.heading.members": "Medlemmar",
	"label.heading.confirm": "Bekräfta",
	"label.heading.attendance": "Närvaro",
	"label.heading.comments": "Kommentarer",
	"label.heading.id": "ID",
	"label.heading.activationdate": "Aktiveringsdatum",
	"label.heading.externalid": "Externt ID",
	"label.heading.summary": "Sammanfattning",
	"label.heading.products": "Produkter",
	"label.heading.branch": "Gren",
	"label.heading.notes": "Anteckningar",
	"label.heading.closedaccount": "Stängt konto",
	"label.heading.transactiondate": "Transaktionsdatum",
	"label.heading.account": "Konto",
	"label.heading.debit": "Betalkort",
	"label.heading.credit": "Kredit",
	"label.heading.updatedby": "Uppdaterad av",
	"label.heading.updatedon": "Uppdaterad den",
	"label.heading.error": "Fel",
	"label.heading.client": "Klient",
	"label.heading.accounttype": "Kontotyp",
	"label.heading.user": "Användare",
	"label.heading.loan": "Lån",
	"label.heading.principal": "Huvudsäte",
	"label.heading.amount": "Belopp",
	"label.heading.date": "Datum",
	"label.heading.transactiontype": "Transaktionstyp",
	"label.heading.due": "Förfaller",
	"label.heading.paid": "Betald",
	"label.heading.outstanding": "Utomstående",
	"label.heading.resourceid": "Resurs-ID",
	"label.heading.details": "Detaljer",
	"label.heading.notprovided": "Inte tillhandahållen",
	"label.heading.notavailable": "Inte tillgänglig",
	"label.heading.provisioningcategory": "Kategori",
	"label.heading.minimumage": "Min ålder",
	"label.heading.maximumage": "Maxålder",
	"label.heading.provisioningpercentage": "Procent",
	"label.heading.fromdate": "Från datum",
	"label.input.between": "mellan",
	"label.heading.percentage": "Procent",
	"label.heading.reset": "Återställ",
	"label.input.liabilityaccount": "Skuldkonto (krediteras)",
	"label.input.expenseaccount": "Kostnadskonto (debiteras)",
	"label.heading.campaignname": "Kampanjnamn",
	"label.heading.smsProvider": "SMS-leverantör",
	"label.heading.templatemsg": "Mallmeddelande",
	"label.heading.campaigntype": "Kampanjtyp",
	"label.heading.message": "Meddelande",
	"label.heading.preview": "Förhandsvisa",
	"label.heading.messagedetails": "Meddelandedetaljer",
	"label.heading.businessRule": "Affärsregel",
	"label.heading.campaignMessage": "Kampanjmeddelande",
	"label.heading.address": "Adress",
	"label.heading.createdby": "Skapad av",
	"label.heading.campaign": "Kampanj",
	"label.heading.isactive": "Status",
	"label.menu.selectloanofficer": "Välj personal",
	"label.menu.selectone": "Välj en",
	"label.menu.smsProvider": "Välj SMS-leverantör",
	"label.menu.campaignType": "Välj kampanjtyp",
	"label.anchor.delete": "Radera",
	"label.achor.activate": "Aktivera",
	"label.anchor.close": "Stäng",
	"label.anchor.activate": "Aktivera",
	"label.anchor.importclients": "Klienter",
	"label.anchor.importoffices": "Kontor",
	"label.anchor.editpermissions": "Redigera behörigheter",
	"label.input.name": "Namn",
	"label.input.firstname": "Förnamn",
	"label.input.lastname": "Efternamn",
	"label.input.middlename": "Mellannamn",
	"label.input.mobileNumber": "Mobilnummer",
	"label.input.age": "ålder",
	"label.input.maritalstatus": "Civilstånd",
	"label.input.profession": "Yrke",
	"label.input.fullname": "Namn",
	"label.input.accno": "Kontonummer",
	"label.input.activationdate": "Aktiveringsdatum",
	"label.input.staff": "Personal",
	"label.input.office": "Kontor",
	"label.input.client": "Klient",
	"label.input.clients": "Klienter",
	"label.input.notes": "Anteckningar",
	"label.input.externalid": "Externt ID",
	"label.input.active": "Aktiv",
	"label.input.assignstaff": "Tilldela personal",
	"label.input.description": "Beskrivning",
	"label.input.repeat": "Upprepa",
	"label.input.comments": "Kommentarer",
	"label.input.enteractivationdate": "Ange aktiveringsdatum",
	"label.input.filterbyname": "Filtrera efter namn",
	"label.input.transactiondate": "Transaktionsdatum",
	"label.input.fromdate": "Från datum",
	"label.input.todate": "Till datum",
	"label.input.amount": "Belopp",
	"label.input.group": "Grupp",
	"label.input.meetingcalendar": "Möteskalender",
	"label.input.total": "Totalt",
	"label.input.note": "Anteckning",
	"label.input.language": "Språk",
	"label.input.dateformat": "Datumformat",
	"label.input.gender": "Kön",
	"label.input.dateofbirth": "Födelsedatum",
	"label.input.sqlSearch": "SQL-sökning",
	"label.input.transfertype": "Överföringstyp",
	"label.input.true": "Sant",
	"label.input.false": "Falskt",
	"label.input.remarks": "Kommentarer",
	"label.input.campaignName": "Kampanjnamn",
	"label.input.campaignType": "Kampanjtyp",
	"label.input.businessRule": "Affärsregel",
	"label.input.campaignMessage": "Kampanjmeddelande",
	"label.input.alias": "Alias",
	"label.input.status": "Status",
	"label.input.city": "Stad",
	"label.input.email": "E-post",
	"label.button.previous": "Föregående",
	"label.button.next": "Nästa",
	"label.button.save": "Skicka",
	"label.button.searchdata": "Sök data",
	"label.button.cancel": "Avbryt",
	"label.button.edit": "Redigera",
	"label.button.delete": "Radera",
	"label.button.confirm": "Bekräfta",
	"label.button.assignstaff": "Tilldela personal",
	"label.button.close": "Stäng",
	"label.button.activate": "Aktivera",
	"label.button.newloan": "Nytt lån",
	"label.button.transferclient": "Överför klient",
	"label.button.newsaving": "Ny sparning",
	"label.button.newcharge": "Lägg till avgift",
	"label.button.accepttransfer": "Acceptera överföring",
	"label.button.rejecttransfer": "Avvisa överföring",
	"label.button.undotransfer": "Ångra överföring",
	"label.button.deleteall": "Radera alla",
	"label.button.add": "Lägg till",
	"label.button.back": "Tillbaka",
	"label.button.advancesearch": "Avancerad sökning",
	"label.button.enable": "Aktivera",
	"label.button.disable": "Inaktivera",
	"label.button.more": "Mer",
	"label.button.reject": "Avvisa",
	"label.button.pay": "Betala",
	"label.button.summary": "Sammanfattning",
	"label.button.submit": "Skicka",
	"label.button.selectAll": "Markera alla",
	"label.button.deselectAll": "Avmarkera alla",
	"label.button.validate": "Validera",
	"label.button.pattern": "Mönster",
	"label.button.proceed": "Fortsätt",
	"label.button.addAddress": "Lägg till adress",
	"label.belongsto": "Tillhör",
	"label.memberof": "Medlem i",
	"label.createdby": "Skapad av",
	"label.createdon": "Skapad den",
	"label.areyousure": "Är du säker?",
	"label.requiredfield": "Obligatoriskt fält",
	"label.edit": "Redigera",
	"label.all": "Alla",
	"currency.USD": "US Dollar",
	"currency.KES": "Kenyanska shilling",
	"label.selectone": "Välj en",
	"label.requirefield": "Obligatoriskt fält",
	"label.none": "Ingen",
	"label.nodatafound": "Ingen data relaterad till sökparametrarna hittades.",
	"label.mustbenumeric": "Måste vara numerisk",
	"label.percentage": "Andel i procent",
	"label.and": "och",
	"label.today": "Idag",
	"label.select": "Välj ett alternativ",
	"label.delete": "Radera",
	"label.selectentity": "Välj enhet",
	"label.selectaction": "Välj åtgärd",
	"label.error": "Fel",
	"error.login.failed": "Var god försök igen. Dina inloggningsuppgifter är ogiltiga.",
	"error.connection.failed": "Kunde inte ansluta till servern. Se till att du använder rätt inställningar.",
	"error.msg.command.unsupported": "Programmeringsfel: `Kommandot` stöds inte.",
	"error.msg.query.parameter.value.unsupported": "`{{params[1].value}}` stöds inte som ett värde för frågeparameter `{{params[0].value}}`.",
	"error.msg.parameter.unsupported": "Parametern `{{params[0].value}}` har hoppats över och stöds inte för denna begäran.",
	"error.msg.header": "Du har följande fel:",
	"validation.msg.invalid.date.format": "Ogiltigt datumformat.",
	"validation.msg.invalid.month.day": "`{{params[0].value}}` är en ogiltig månadsdag.",
	"validation.msg.missing.dateFormat.parameter": "Parametern `Date Format` är nödvändig.",
	"validation.msg.missing.locale.parameter": "Parametern `locale` är nödvändig.",
	"validation.msg.invalid.number.format": "`{{params[0].value}}` är ett ogiltigt heltal.",
	"validation.msg.invalid.integer": "`{{params[0].value}}` är ett ogiltigt heltal.",
	"validation.msg.invalid.integer.format": "`{{params[0].value}}` är ett ogiltigt heltal.",
	"validation.msg.invalid.decimal.format": "`{{params[0].value}}` är ett ogiltigt decimaltal.",
	"error.msg.document.file.too.big": "Du kan inte ladda upp en fil som är större än 5 MB.",
	"validation.msg.document.fileName.cannot.be.blank": "Var god välj en fil.",
	"validation.msg.document.name.cannot.be.blank": "Var god ange dokumentets namn.",
	"resourceId.not.integer": "ID måste vara ett heltal.",
	"error.msg.resource.not.found": "Den begärda resursen är inte tillgänglig.",
	"error.msg.code.identifier.not.found": "Kod med identifieraren `{{params[0].value}}` finns inte.",
	"error.msg.role.id.invalid": "Roll med identifieraren `{{params[0].value}}` finns inte.",
	"error.msg.user.id.invalid": "Användare med identifieraren `{{params[0].value}}` finns inte.",
	"error.msg.office.id.invalid": "Kontor med identifieraren `{{params[0].value}}` finns inte.",
	"error.msg.fund.id.invalid": "Fond med identifieraren `{{params[0].value}}` finns inte.",
	"error.msg.loan.id.is.invalid": "Lån med identifieraren `{{params[0].value}}` finns inte.",
	"error.msg.calendar.id.invalid": "Kalender med identifierare `{{params[0].value}}` finns inte.",
	"validation.msg.calendar.title.cannot.be.blank": "Titel är obligatoriskt.",
	"validation.msg.calendar.startDate.cannot.be.blank": "Startdatum är obligatoriskt.",
	"validation.msg.calendar.typeId.cannot.be.blank": "Kalendertyp är obligatoriskt.",
	"validation.msg.calendar.description.cannot.be.blank": "Beskrivning kan inte vara tom.",
	"validation.msg.calendar.location.cannot.be.blank": "Plats kan inte vara tom.",
	"validation.msg.calendar.endDate.cannot.be.blank": "Slutdatum kan inte vara tom.",
	"validation.msg.calendar.repeating.cannot.be.blank": "Upprepning kan inte vara tom.",
	"validation.msg.calendar.duration.cannot.be.blank": "Längd kan inte vara tom.",
	"validation.msg.calendar.remindById.cannot.be.blank": "Påminnelsetyp kan inte vara tom.",
	"validation.msg.calendar.firstReminder.cannot.be.blank": "Första påminnelsen kan inte vara tom.",
	"validation.msg.calendar.secondReminder.cannot.be.blank": "Andra påminnelsen kan inte vara tom.",
	"error.msg.invalid.recurring.rule": "Den återkommande kalenderregeln : `{{params[0].value}}` är inte giltig.",
	"error.msg.calendar.meeting.not.valid.recurring.date": "Mötesdatum bör vara ett giltigt datum i möteskalendern.",
	"error.msg.meeting.duplicate": "Möte på datumet {{params[0].value}} finns redan.",
	"error.msg.meeting.date.cannot.be.a.future.date": "Mötesdatum kan inte vara i framtiden.",
	"error.msg.entity.transfers.with.active.savings.accounts": "Kan inte överföra klienter/grupper som har sparkonton",
	"label.input.paymentdate": "Betalningsdatum",
	"label.tooltip.charges.active.true": "Aktiv",
	"label.tooltip.charges.active.false": "Inaktiv",
	"label.heading.dashboard": "Kontrollpanel",
	"label.heading.home": "Hem",
	"label.heading.welcome": "Välkommen",
	"label.heading.top.menu": "menyn överst",
	"label.heading.action": "Åtgärd",
	"label.heading.recentactivities": "Senaste aktiviteter",
	"label.heading.frequentactivities": "Frekventa aktiviteter",
	"label.heading.parentoffice": "Överordnat kontor",
	"label.heading.openedon": "Öppnades den",
	"label.heading.loantype": "Låntyp",
	"label.heading.memberof": "Medlem av",
	"label.heading.firstname": "Förnamn",
	"label.heading.lastname": "Efternamn",
	"label.heading.fullname": "Namn",
	"label.heading.mifosxclient": "Mifos X-klient",
	"label.heading.mifosx": "Mifos X",
	"label.heading.uptodate": "Mifos X är uppdaterad",
	"label.heading.resources": "Resurser",
	"label.heading.community": "Gemenskap",
	"label.heading.contribute": "Bidra",
	"label.heading.loginname": "Inloggningsnamn",
	"label.heading.userprofile": "Användarprofil",
	"label.heading.userid": "Användar-ID",
	"label.heading.username": "Användarnamn",
	"label.heading.keyboarshortcuts": "Kortkommandon",
	"label.heading.navigation": "Navigeringssida",
	"label.heading.reports": "Rapporter",
	"label.heading.saveorsubmit": "Spara/skicka formulär",
	"label.heading.cancel": "Avbryt",
	"label.heading.runreport": "Kör rapport",
	"label.heading.logout": "Logga ut",
	"label.heading.search": "Sök",
	"label.heading.help": "Hjälp",
	"label.heading.language": "Språk",
	"label.heading.primaryemail": "Primär e-post",
	"label.heading.categoryname": "Kategorinamn",
	"label.menu.office": "Kontor",
	"label.anchor.startpage": "Startsida",
	"label.anchor.homepage": "Hemsida",
	"label.anchor.loginpage": "Inloggningssida",
	"label.anchor.manageusers": "Hantera användare",
	"label.anchor.manageroles": "Hantera roller",
	"label.anchor.logout": "Logga ut",
	"label.anchor.home": "Hem",
	"label.anchor.all": "Alla",
	"label.anchor.loans": "Lån",
	"label.anchor.savings": "Besparingar",
	"label.anchor.funds": "Fonder",
	"label.anchor.admin": "Administratör",
	"label.anchor.reports": "Rapporter",
	"label.anchor.profile": "Profil",
	"label.anchor.settings": "Inställningar",
	"label.anchor.navigation": "Navigering",
	"label.anchor.collectionsheet": "Samlingsblad",
	"label.anchor.client": "Klient",
	"label.anchor.group": "Grupp",
	"label.anchor.center": "Center",
	"label.anchor.frequentpostings": "Frekventa inlägg",
	"label.anchor.addjournalentries": "Lägg till journalinlägg",
	"label.anchor.usermanual": "Användarmanual",
	"label.anchor.developerzone": "Utvecklarzon",
	"label.anchor.usersgroup": "Användargrupp",
	"label.anchor.developergroup": "Utvecklargrupp",
	"label.anchor.workingwithcode": "Arbetar med kod",
	"label.anchor.donate": "Donera",
	"label.anchor.irc": "IRC",
	"label.anchor.dashboard": "Kontrollpanel",
	"label.anchor.help": "Hjälp",
	"label.anchor.about": "Om",
	"label.anchor.advsearch": "Avancerad sökning",
	"label.anchor.keyboardshortcut": "Kortkommandon",
	"label.anchor.save": "Spara",
	"label.input.searchbyuser": "Sök efter användare",
	"label.input.clienttemplate": "Klientmall",
	"label.input.loanaccounttemplate": "Mall för lånekonton",
	"label.input.grouptemplate": "Gruppmall",
	"label.input.usertemplate": "Användarmall",
	"label.input.searchactivities": "Sök aktiviteter",
	"label.input.additionalinformation": "Ytterligare information",
	"label.input.changelanguage": "Ändra språk:",
	"label.search.scope.all": "Alla",
	"label.search.scope.clients.and.clientIdentifiers": "Klienter",
	"label.search.scope.groups.and.centers": "Grupper",
	"label.search.scope.savings": "Besparingar",
	"label.button.login": "Logga in",
	"label.button.approve": "Godkänn",
	"label.button.offices": "Kontor",
	"label.button.loanofficers": "Lånkontor",
	"label.button.centers": "Centra",
	"label.button.groups": "Grupper",
	"label.button.clients": "Klienter",
	"label.button.week": "Vecka",
	"label.button.month": "Månad",
	"label.button.day": "Dag",
	"label.button.signin": "Logga in",
	"label.button.resetPassword": "Återställ lösenord",
	"label.button.viewpermissions": "Visa behörigheter",
	"label.youneedtologintoaccessthisarea": "Du behöver logga in för att komma åt detta område",
	"label.selectugdtemplate": "Välj UGD-mall",
	"label.nodata": "Ingen data",
	"label.notactivated": "Inte aktiverad",
	"label.unassigned": "Otilldelad",
	"label.searchorpress": "Klicka eller tryck Alt+X för att söka",
	"label.heading.familymembers": "Familjemedlemmar",
	"label.heading.identities": "Identiteter",
	"label.heading.uniqueidentification": "Unikt ID #",
	"label.heading.identitydocs": "Identitetshandlingar",
	"label.heading.filename": "Filnamn",
	"label.heading.templates": "Mallar",
	"label.heading.documents": "Dokument",
	"label.heading.editclient": "Redigera klient",
	"label.heading.uploadclientdocument": "Ladda upp klientdokument",
	"label.heading.addclientidentifier": "Lägg till klientidentifierare",
	"label.heading.groupclosed": "Gruppen är stängd",
	"label.heading.clientid": "Klient-ID",
	"label.heading.numofloancycle": "Antal lånecykler",
	"label.heading.createclient": "Skapa klient",
	"label.heading.selectclientimage": "Välj klientbild",
	"label.heading.deleteclientimage": "Radera klientbild",
	"label.heading.selectclientsignature": "Välj klientsignatur",
	"label.heading.clientsignature": "Klientsignatur",
	"label.heading.clientscreenreport": "Kundens Skärmrapport",
	"label.heading.clientno": "Klient #",
	"label.anchor.clients": "Klienter",
	"label.anchor.createclient": "Skapa klient",
	"label.anchor.viewclient": "Visa klient",
	"label.anchor.transferclient": "Överför klient",
	"label.anchor.editclient": "Redigera klient",
	"label.anchor.uploaddocument": "Ladda upp dokument",
	"label.anchor.addclientidentities": "Lägg till klientidentiteter",
	"label.anchor.reactivate": "Återaktivera",
	"label.input.filterbynameaccno": "Filtrera visning efter namn/klient/personal/kontor",
	"label.input.searchByNameAccNo": "Sök efter namn/mobil/klient/externtID/identifierare",
	"label.input.selectclientimage": "Välj klientbild",
	"label.input.selectfile": "Välj fil",
	"label.input.selectexcelfile": "Välj Excel-fil",
	"label.input.documenttype": "Dokumenttyp",
	"label.input.uniqueidentification": "Unikt ID #",
	"label.input.mobilenumber": "Mobilnummer",
	"label.input.client.activationdate": "Aktiveringsdatum",
	"label.input.clientName": "Klientnamn",
	"label.input.clientId": "Klient-ID",
	"label.input.legalformentity": "Entitet",
	"label.input.legalformperson": "Person",
	"label.button.createclient": "Skapa klient",
	"label.button.showall": "Visa stängda",
	"label.button.importclients": "Importera klienter",
	"label.button.importemployees": "Importera anställda",
	"label.button.print": "Skriv ut",
	"label.button.savingdetails": "Spara uppgifter",
	"label.button.loandetails": "Låndetaljer",
	"label.button.upload": "Ladda upp",
	"label.button.download": "Ladda ned",
	"label.button.viewclosedloans": "Visa stängda lån",
	"label.button.viewclosedsavings": "Visa stängda besparingar",
	"label.button.uploadpic": "Ladda upp klientbild",
	"label.button.viewactiveloans": "Visa aktiva lån",
	"label.button.viewactivesavings": "Visa aktiva besparingar",
	"label.button.reactivate": "Återaktivera",
	"label.button.ok": "OK",
	"label.button.reset": "Återställ",
	"label.button.clear": "Rensa",
	"label.numofloancycles": "Antal låncykler",
	"label.lastloanamount": "Sista lånebeloppet",
	"label.numofactiveloans": "# av aktiva lån",
	"label.totalsavings": "Totala besparingar",
	"label.numofactivesavings": "# av aktiva besparingar",
	"label.zoom": "Visa större",
	"clientStatusType.pending": "Pågående",
	"clientStatusType.active": "Aktiv",
	"clientStatusType.closed": "Stängd",
	"clientStatusType.invalid": "Ogiltig",
	"clientStatusType.transfer.in.progress": "Överföring pågår",
	"validation.msg.client.officeId.cannot.be.blank": "Kontor är obligatoriskt.",
	"validation.msg.client.firstname.cannot.be.blank": "Förnamn är obligatoriskt.",
	"validation.msg.client.lastname.cannot.be.blank": "Efternamn är obligatoriskt.",
	"validation.msg.client.fullname.cannot.be.blank": "Fullständigt namn är obligatoriskt.",
	"validation.msg.client.active.must.be.true.or.false": "Aktiv är obligatoriskt. Dess värde måste vara sant eller falskt.",
	"validation.msg.client.no.parameters.for.update": "Ingenting har förändrats. Tryck på Avbryt.",
	"validation.msg.client.staffId.cannot.be.blank": "Välj personal.",
	"error.msg.client.member.of.group.and.cannot.update.office": "Klienten är en medlem i en grupp, så du måste uppdatera gruppens kontor.",
	"error.msg.client.duplicate.externalId": "En klient med externt ID `{{params[0].value}}` finns redan.",
	"error.msg.client.duplicate.accountNo": "En klient med kontonumret `{{params[0].value}}` finns redan.",
	"error.msg.client.id.invalid": "Klienten finns inte.",
	"error.msg.client.not.active.exception": "Klienten med ID `{{params[0].value}}` är inte aktiv.",
	"validation.msg.clientIdentifier.documentKey.cannot.be.blank": "Identifikationsnummer är obligatoriskt.",
	"error.msg.image.type.upload": "Endast filer av typen GIF, PNG eller JPG är tillåtna.",
	"validation.msg.clientImage.cannot.be.blank": "Välj en bild att ladda upp.",
	"label.heading.addmember": "Lägg till medlem",
	"label.heading.addrole": "Lägg till roll",
	"label.heading.creategroup": "Skapa grupp",
	"label.heading.editgroup": "Redigera grupp",
	"label.heading.managemembers": "Hantera medlemmar",
	"label.heading.associatenewmembers": "Associera nya medlemmar",
	"label.heading.groupmembers": "Gruppmedlemmar",
	"label.heading.transferclientsbetweengroups": "Överför klient mellan grupper",
	"label.heading.nextmeetingon": "Nästa möte",
	"label.heading.groupaccounts": "Gruppkonton",
	"label.heading.committee": "Kommitté",
	"label.heading.role": "Roll",
	"label.menu.selectoffice": "Välj kontor",
	"label.menu.selectstaff": "Välj personal",
	"label.menu.selectgroup": "Välj grupp",
	"label.anchor.groups": "Grupper",
	"label.anchor.viewgroup": "Visa grupp",
	"label.anchor.attachmeeting": "Bifoga möte",
	"label.anchor.editmeeting": "Redigera möte",
	"label.input.role": "Roll",
	"label.input.meetingdate": "Mötesdatum",
	"label.input.repeats": "Upprepas",
	"label.input.repeatsevery": "Upprepas varje",
	"label.input.addclients": "Lägg till klienter",
	"label.input.availableclients": "Tillgängliga klienter",
	"label.input.selectedclients": "Valda klienter",
	"label.input.destinationgroup": "Destinationsgrupp",
	"label.input.searchformember": "Sök efter en medlem",
	"label.button.creategroup": "Skapa grupp",
	"label.button.associatemember": "Associera medlem",
	"label.button.managemembers": "Hantera medlemmar",
	"label.button.transferclients": "Överför klienter",
	"label.button.attachmeeting": "Bifoga möte",
	"label.nextmeetingon": "Nästa möte",
	"label.numofactiveclient": "Aktiva klienter:",
	"label.numofactivegrouploans": "Aktiva grupplån:",
	"label.numofactiveclientloans": "Aktiva klientlån:",
	"label.numofactivegroupborrowers": "Aktiva grupplåntagare:",
	"label.numofactiveclientborrowers": "Aktiva klientlåntagare:",
	"label.nextmettingon": "Nästa möte den",
	"label.selectgroup": "Välj grupp",
	"label.selectstaff": "Välj personal",
	"label.active": "Aktiv",
	"groupingStatusType.pending": "Pågående",
	"groupingStatusType.active": "Aktiv",
	"groupingStatusType.closed": "Stängd",
	"error.msg.client.attach.to.group.invalid.office": "Gruppen och dess klient måste tillhöra samma kontor.",
	"validation.msg.group.staffId.cannot.be.blank": "Välj en personal.",
	"error.msg.group.not.active.exception": "Gruppen med ID `{{params[0].value}}` är inte aktiv.",
	"label.heading.addgroup": "Lägg till grupp",
	"label.heading.groups": "Grupper",
	"label.heading.groupdetails": "Gruppdetaljer",
	"label.heading.managegroups": "Hantera grupper",
	"label.anchor.managegroups": "Hantera grupper",
	"label.button.managegroups": "Hantera grupper",
	"label.input.select.groups": "Välj och lägg till grupper",
	"label.input.searchByNameExternalId": "Sök efter namn/externt ID",
	"label.selectclients": "Välj klienter",
	"error.msg.group.duplicate.externalId": "Grupp med externt ID `{{params[0].value}}` finns redan.",
	"error.msg.group.duplicate.name": "Grupp med namnet `{{params[0].value}}` finns redan.",
	"validation.msg.group.name.cannot.be.blank": "Namn är obligatoriskt.",
	"validation.msg.group.officeId.cannot.be.blank": "Kontor är obligatoriskt.",
	"label.heading.addjournalentries": "Lägg till journalinlägg",
	"label.heading.glcode": "GL-kod",
	"label.heading.acctype": "Kontotyp",
	"label.heading.usedas": "Används som",
	"label.heading.credittags": "Kredittaggar",
	"label.heading.transactionnumber": "Transaktionsnummer",
	"label.heading.parentaccountname": "Överordnat kontonamn",
	"label.heading.tag": "Tagg",
	"label.heading.accountusage": "Kontoanvändning",
	"label.heading.transactiondetails": "Transaktionsdetaljer",
	"label.heading.transactionamount": "Transaktionsbelopp",
	"label.heading.transferredto": "Överförd till",
	"label.heading.accounttransfers": "Kontoöverföringar",
	"label.heading.fromaccount": "Från konto",
	"label.heading.fromaccounttype": "Från kontotyp",
	"label.heading.fromClient": "Från klient",
	"label.heading.toClient": "Till klient",
	"label.heading.currency": "Valuta",
	"label.heading.transferringto": "Överför till",
	"label.heading.transferredfrom": "Överförd från",
	"label.menu.filterbyoffice": "Filtrera efter kontor",
	"label.anchor.addrule": "Lägg till regel",
	"label.anchor.searchjournalentries": "Sök journalinlägg",
	"label.anchor.viewtransaction": "Visa transaktion",
	"label.input.credit": "Kredit",
	"label.input.debit": "Betalkort",
	"label.input.account": "Konto",
	"label.input.list": "Lista över konton",
	"label.input.filterclosuresbyoffice": "Filtrera efter kontor",
	"label.input.accountname": "Kontonamn",
	"label.input.glcode": "GL-kod",
	"label.input.accounttype": "Kontotyp",
	"label.input.tag": "Tagg",
	"label.input.accountusage": "Kontoanvändning",
	"label.input.parent": "Överordnad",
	"label.input.currency": "Valuta",
	"label.input.smsprovider": "SMS-leverantör",
	"label.button.listview": "Listvy",
	"label.button.treeview": "Trädvy",
	"label.button.addaccount": "Lägg till konto",
	"label.button.addrule": "Lägg till regel",
	"label.button.collapse.all": "Stäng alla",
	"label.alloffice": "Alla kontor",
	"label.selectoffice": "Välj kontor",
	"label.selecttag": "Välj tagg",
	"label.selectparent": "Välj överordnad",
	"label.selectcurrency": "Välj valuta",
	"label.selectcredit": "Välj kredit",
	"label.selectfilter": "Välj filter",
	"accountType.loan": "Lånkonto",
	"accountType.savings": "Sparkonto",
	"accountType.income": "Inkomst",
	"accountUsage.detail": "Detalj",
	"validation.msg.accounttransfer.fromOfficeId.cannot.be.blank": "Från kontor är obligatoriskt.",
	"validation.msg.accounttransfer.fromClientId.cannot.be.blank": "Från klient är obligatoriskt.",
	"validation.msg.accounttransfer.fromAccountId.cannot.be.blank": "Från sparkonto är obligatoriskt.",
	"validation.msg.accounttransfer.toOfficeId.cannot.be.blank": "Till kontor är obligatoriskt.",
	"validation.msg.accounttransfer.toClientId.cannot.be.blank": "Till klient är obligatoriskt.",
	"validation.msg.accounttransfer.toAccountId.cannot.be.blank": "Till sparkonto är obligatoriskt.",
	"validation.msg.GLAccount.glCode.cannot.be.blank": "GL-kod är obligatoriskt.",
	"validation.msg.GLJournalEntry.transactionDate.cannot.be.blank": "Välj ett transaktionsdatum.",
	"validation.msg.GLJournalEntry.officeId.cannot.be.blank": "Välj ett kontor.",
	"validation.msg.GLJournalEntry.currencyCode.cannot.be.blank": "Välj en valuta",
	"label.heading.reportdetails": "Rapportdetaljer",
	"label.heading.reportparameters": "Rapportparametrar",
	"label.heading.parameter": "Parameter",
	"label.heading.usereport": "Använd rapport",
	"label.heading.reportname": "Rapportnamn",
	"label.heading.reporttype": "Rapporttyp",
	"label.heading.reportcategory": "Rapportkategori",
	"label.heading.userreport": "Användarrapport",
	"label.heading.portfolio": "Portfölj",
	"label.heading.incomes": "Inkomster",
	"label.heading.xbrl.report": "XBRL-rapport",
	"label.anchor.managereports": "Hantera rapporter",
	"label.anchor.createreport": "Skapa rapport",
	"label.anchor.editreport": "Redigera rapport",
	"label.anchor.runreport": "Kör rapport",
	"label.anchor.xbrl": "XBRL",
	"label.input.outputtype": "Utmatningstyp",
	"label.input.showreport": "Normalt format",
	"label.input.exportexcel": "Excel-format",
	"label.input.exportcsv": "CSV-format",
	"label.input.pdfformat": "PDF-format",
	"label.input.reportname": "Rapportnamn",
	"label.input.reporttype": "Rapporttyp",
	"label.input.reportcategory": "Rapportkategori",
	"label.input.corereport": "Kärnrapport",
	"label.input.usereport": "Använd rapport",
	"label.input.userreportui": "Användarrapport (UI)",
	"label.input.sql": "Sql",
	"label.input.piechart": "Cirkeldiagram",
	"label.input.barchart": "Stapeldiagram",
	"label.button.runreport": "Kör rapport",
	"label.button.createreport": "Skapa rapport",
	"label.button.parameters": "Parametrar",
	"label.button.exportcsv": "Exportera CSV",
	"label.button.export": "Exportera",
	"label.selectallowedparameter": "Välj tillåten parameter",
	"startDateSelect": "Startdatum",
	"endDateSelect": "Slutdatum",
	"obligDateTypeSelect": "Välj stängt eller utbetalt datum",
	"OfficeIdSelectOne": "Välj kontor",
	"loanOfficerIdSelectAll": "Välj lånkontor",
	"currencyIdSelectAll": "Välj valuta",
	"fundIdSelectAll": "Välj fond",
	"loanProductIdSelectAll": "Välj lånprodukt",
	"loanPurposeIdSelectAll": "Välj lånsyfte",
	"parTypeSelect": "Välj PAR-typ",
	"validation.msg.report.reportName.cannot.be.blank": "Rapportnamn måste anges",
	"validation.msg.report.reportType.cannot.be.blank": "Rapporttyp måste anges",
	"validation.msg.report.reportType.is.not.one.of.expected.enumerations": "Rapporttyp är ogiltig",
	"error.message.report.parameter.required": "Parametern `{{params[0].value}}` krävs",
	"error.message.report.invalid.value.for.parameter": "Ogiltigt värde för fältet `{{params[0].value}}`",
	"error.message.report.parameter.invalid": "Parametern `{{params[0].value}}` stöds inte",
	"error.message.report.type.is.invalid": "Rapporttypen `{{params[0].value}}` stöds inte",
	"label.heading.numberOfRepayments": "Antal betalningar",
	"label.heading.borrowername": "Låntagarnamn",
	"label.heading.groups/clients": "Grupper/Klienter",
	"label.heading.loanpurpose": "Lånsyfte",
	"label.heading.loanaccountnum": "Lånkontonummer",
	"label.heading.loanproduct": "Lånprodukt",
	"label.heading.addloancharge": "Lägg till lånavgift",
	"label.heading.uploaddocument": "Ladda upp dokument",
	"label.heading.value": "Värde",
	"label.heading.loanamountandbalance": "Lånebelopp och balans",
	"label.heading.totalcostofloan": "Total lånkostnad",
	"label.heading.days": "Dagar",
	"label.heading.clientdetails": "Klientdetaljer",
	"label.heading.approveloanaccount": "Godkänn lånkonto",
	"label.heading.rejectloanaccount": "Avvisa lånkonto",
	"label.heading.approvedondate": "Godkändes",
	"label.heading.relationship": "Förhållande",
	"label.heading.dob": "Födelsedatum",
	"label.heading.city": "Stad",
	"label.heading.zip": "Postnummer",
	"label.heading.mobile": "Mobil",
	"label.heading.residence": "Bostad",
	"label.heading.joindate": "Registreringsdatum",
	"label.heading.original": "Original",
	"label.heading.transactions": "Transaktioner",
	"label.heading.inadvance": "I förväg",
	"label.heading.editloanaccounttransaction": "Redigera transaktion",
	"label.anchor.approve": "Godkänn",
	"label.anchor.reject": "Avslå",
	"label.anchor.viewschedule": "Schema",
	"label.input.relationship": "Förhållande",
	"label.input.address": "Adress",
	"label.input.zip": "Postnummer",
	"label.input.mobile": "Mobil",
	"label.input.residence": "Hemnummer",
	"label.input.purpose": "Syfte",
	"label.input.value": "Värde",
	"label.input.existingclient": "Befintlig klient",
	"label.input.approvedondate": "Godkändes den",
	"label.input.rejectedondate": "Avvisades den",
	"label.input.actions": "Åtgärder",
	"label.button.details": "Detaljer",
	"label.selectpurpose": "Välj syfte",
	"label.selectloanproduct": "Välj lånprodukt",
	"label.tooltip.loanProduct.active": "Aktiv",
	"label.tooltip.loanProduct.inActive": "Inaktiv",
	"loanStatusType.invalid": "Ogiltig status",
	"loanStatusType.approved": "Godkänd",
	"loanStatusType.active": "Aktiv",
	"loanStatusType.overpaid": "Överbetald",
	"validation.msg.Guarantor.firstname.cannot.be.blank": "Förnamn är obligatoriskt.",
	"validation.msg.Guarantor.lastname.cannot.be.blank": "Efternamn är obligatoriskt.",
	"validation.msg.Guarantor.mobileNumber.format.is.invalid": "Mobilnumrets format är ogiltigt.",
	"validation.msg.Guarantor.housePhoneNumber.format.is.invalid": "Hemtelefonnumrets format är ogiltigt.",
	"label.heading.currentBalance": "Nuvarande balans",
	"label.heading.charges": "Kostnader",
	"label.heading.repeatson": "Upprepas",
	"label.heading.marketprice": "Marknadspris",
	"label.input.charges": "Kostnader",
	"label.input.product": "Produkt",
	"label.input.daysinyears": "Dagar i året",
	"label.input.daysinmonth": "Dagar i månaden",
	"label.input.checkValidate": "Valideringsalternativ",
	"label.input.accountnumber": "Kontonummer",
	"label.input.accnum": "Kontonummer",
	"label.input.checknumber": "Checknummer",
	"label.input.banknumber": "Banknummer",
	"label.input.months": "månader",
	"label.input.weeks": "veckor",
	"label.input.todaysprice": "Dagens pris",
	"label.totalwithdarawals": "Totala uttag",
	"label.on": "på",
	"label.survey": "Undersökning",
	"savings.interest.rate.savingsPeriodFrequencyType.days": "Per dag",
	"savings.interest.rate.savingsPeriodFrequencyType.weeks": "Per vecka",
	"savings.interest.rate.savingsPeriodFrequencyType.months": "Per månad",
	"savings.interest.rate.savingsPeriodFrequencyType.years": "Per år",
	"savings.lockin.savingsPeriodFrequencyType.days": "Dagar",
	"savings.lockin.savingsPeriodFrequencyType.weeks": "Veckor",
	"savings.lockin.savingsPeriodFrequencyType.months": "Månader",
	"savings.lockin.savingsPeriodFrequencyType.years": "År",
	"savingsWithdrawalFeesType.invalid": "Ogiltig",
	"savings.interest.period.savingsCompoundingInterestPeriodType.invalid": "Ogiltig",
	"savings.interest.period.savingsCompoundingInterestPeriodType.daily": "Dagligen",
	"savings.interest.period.savingsCompoundingInterestPeriodType.weekly": "Varje vecka",
	"savings.interest.period.savingsCompoundingInterestPeriodType.biweekly": "Varannan vecka",
	"savings.interest.period.savingsCompoundingInterestPeriodType.monthly": "Varje månad",
	"savings.interest.period.savingsCompoundingInterestPeriodType.quarterly": "Kvartalsvis",
	"savings.interest.posting.period.savingsPostingInterestPeriodType.invalid": "Ogiltig",
	"savings.interest.posting.period.savingsPostingInterestPeriodType.monthly": "Varje månad",
	"savings.interest.posting.period.savingsPostingInterestPeriodType.quarterly": "Kvartalsvis",
	"savings.interest.posting.period.savingsPostingInterestPeriodType.annual": "Årligen",
	"savingsInterestCalculationDaysInYearType.days360": "360 dagar",
	"savingsInterestCalculationDaysInYearType.days365": "365 dagar",
	"savingsAccountStatusType.invalid": "Ogiltig status",
	"savingsAccountStatusType.active": "Aktiv",
	"validation.msg.savingsaccount.delete.transaction.invalid.account.is.closed": "Avgiften kan inte raderas eftersom kontot är stängt.",
	"label.heading.createuser": "Skapa användare",
	"label.heading.permissions": "Behörigheter",
	"label.heading.edituser": "Redigera användare",
	"label.heading.enabled": "Aktiverad?",
	"label.heading.systemusers": "Systemanvändare",
	"label.heading.newuser": "Ny användare",
	"label.heading.familyname": "Efternamn",
	"label.heading.givenname": "Förnamn",
	"label.heading.usersettings": "Användarinställningar",
	"label.heading.email": "E-post",
	"label.heading.changepassword": "Ändra lösenord",
	"label.heading.roles": "Roller",
	"label.heading.importtime": "Importtid",
	"label.heading.endtime": "Sluttid",
	"label.heading.completed": "Slutförd",
	"label.heading.failurecount": "Antal misslyckanden",
	"label.anchor.users": "Användare",
	"label.anchor.createuser": "Skapa användare",
	"label.anchor.edituser": "Redigera användare",
	"label.anchor.globalconfigurations": "Globala konfigurationer",
	"label.input.username": "Användarnamn",
	"label.input.autogeneratepassword": "Generera lösenord automatiskt",
	"label.input.password": "Lösenord",
	"label.input.repeatpassword": "Upprepa lösenord",
	"label.input.selectroles": "Välj roller",
	"label.input.roles": "Roller",
	"label.input.selectedroles": "Valda roller",
	"label.input.availableroles": "Tillgängliga roller",
	"label.button.createuser": "Skapa användare",
	"label.button.changepassword": "Ändra lösenord",
	"validation.msg.user.username.cannot.be.blank": "Användarnamn är obligatoriskt.",
	"validation.msg.user.username.exceeds.max.length": "Användarnamnet kan inte vara mer än {{params[0].value}} tecken långt.",
	"validation.msg.user.firstname.cannot.be.blank": "Förnamn är obligatoriskt.",
	"validation.msg.user.firstname.exceeds.max.length": "Förnamnet kan inte vara mer än {{params[0].value}} tecken lång.",
	"validation.msg.user.lastname.cannot.be.blank": "Efternamn är obligatoriskt.",
	"validation.msg.user.lastname.exceeds.max.length": "Efternamnet kan inte vara mer än {{params[0].value}} tecken långt.",
	"validation.msg.user.email.cannot.be.blank": "E-post är obligatoriskt.",
	"validation.msg.user.email.exceeds.max.length": "E-postadressen kan inte vara mer än {{params[0].value}} tecken lång.",
	"validation.msg.user.officeId.cannot.be.blank": "Du måste välja ett kontor.",
	"validation.msg.user.officeId.not.greater.than.zero": "Du måste välja ett kontor.",
	"validation.msg.user.roles.cannot.be.empty": "En användare måste ha minst en roll.",
	"validation.msg.user.password.cannot.be.blank": "Lösenord är obligatoriskt.",
	"validation.msg.user.password.exceeds.max.length": "Lösenordet kan inte vara mer än 50 tecken långt.",
	"error.msg.user.duplicate.username": "Användare med användarnamnet `{{params[0].value}}` finns redan.",
	"label.heading.clients": "Klienter",
	"label.heading.createemployee": "Skapa anställd",
	"label.heading.createholiday": "Skapa helgdag",
	"label.heading.activateholiday": "Aktivera ledighet",
	"label.heading.editholiday": "Redigera ledighet",
	"label.heading.deleteholiday": "Radera ledighet",
	"label.heading.createoffice": "Skapa kontor",
	"label.heading.currencyname": "Valutanamn",
	"label.heading.currencycode": "Valutakod",
	"label.heading.editemployee": "Redigera anställd",
	"label.heading.editoffice": "Redigera kontor",
	"label.heading.holidayname": "Helgdagsnamn",
	"label.heading.alternateworkingday": "Alternativ arbetsdag",
	"label.heading.managefunds": "Hantera fonder",
	"label.heading.todate": "Till datum",
	"label.anchor.importusers": "Användare",
	"label.anchor.importgroups": "Grupper",
	"label.anchor.importloanaccounts": "Lånekonton",
	"label.anchor.employees": "Anställda",
	"label.anchor.importsavingsaccounts": "Sparkonton",
	"label.anchor.organization": "Organisation",
	"label.anchor.manageemployees": "Hantera anställda",
	"label.anchor.createemployee": "Skapa anställd",
	"label.anchor.createholiday": "Skapa helgdag",
	"label.anchor.manageholidays": "Hantera helgdagar",
	"label.anchor.editholiday": "Redigera ledighet",
	"label.anchor.createoffice": "Skapa kontor",
	"label.button.importoffices": "Importera kontor",
	"label.anchor.currencyconfig": "Valutakonfiguration",
	"label.anchor.editcurrencyconfig": "Redigera valutakonfiguration",
	"label.anchor.editemployee": "Redigera anställd",
	"label.anchor.editoffice": "Redigera kontor",
	"label.anchor.managefunds": "Hantera fonder",
	"label.anchor.manageoffices": "Hantera kontor",
	"label.anchor.editrole": "Redigera roll",
	"label.input.fromloanofficer": "Från lånkontor",
	"label.input.toloanofficer": "Till lånkontor",
	"label.input.parentoffice": "Överordnat kontor",
	"label.input.newfund": "Ny fond",
	"label.input.filterbynameexternalid": "Filtrera efter namn/externt ID",
	"label.button.createemployee": "Skapa anställd",
	"label.button.createholiday": "Skapa helgdag",
	"label.button.createoffice": "Skapa kontor",
	"label.button.addedit": "Lägg till/Redigera",
	"validation.msg.office.name.cannot.be.blank": "Namn är obligatoriskt.",
	"validation.msg.office.name.exceeds.max.length": "Användarnamnet kan inte vara mer än {{params[0].value}} tecken lång.",
	"validation.msg.office.parentId.cannot.be.blank": "Du måste välja ett överordnat kontor.",
	"validation.msg.office.parentId.not.greater.than.zero": "Du måste välja ett överordnat kontor.",
	"validation.msg.fund.name.cannot.be.blank": "Namn är obligatoriskt.",
	"validation.msg.fund.name.exceeds.max.length": "Namnet kan inte vara mer än {{params[0].value}} tecken långt.",
	"validation.msg.fund.externalId.exceeds.max.length": "Externt ID kan inte vara mer än {{params[0].value}} tecken långt.",
	"error.msg.fund.duplicate.name": "En fond med namnet `{{params[0].value}}` finns redan.",
	"error.msg.fund.duplicate.externalId": "En fond med externt ID `{{params[0].value}}` finns redan.",
	"validation.msg.staff.lastname.cannot.be.blank": "Efternamn är obligatoriskt.",
	"validation.msg.staff.lastname.exceeds.max.length": "Efternamnet kan inte vara mer än {{params[0].value}} tecken långt.",
	"validation.msg.staff.firstname.cannot.be.blank": "Förnamn är obligatoriskt.",
	"validation.msg.staff.firstname.exceeds.max.length": "Förnamnet kan inte vara mer än {{params[0].value}} tecken långt.",
	"validation.msg.staff.officeId.cannot.be.blank": "Kontor är obligatoriskt.",
	"validation.msg.staff.officeId.not.greater.than.zero": "Ogiltigt kontor.",
	"error.msg.staff.duplicate.displayName": "En anställd med namnet `{{params[0].value}}` finns redan.",
	"label.tooltip.employees.active.true": "Aktiv",
	"label.tooltip.employees.active.false": "Inaktiv",
	"label.heading.text": "Text",
	"label.heading.addcode": "Lägg till kod",
	"label.heading.codename": "Kodnamn",
	"label.heading.createdatatable": "Skapa datatabell",
	"label.heading.columns": "Kolumner",
	"label.heading.mandatory": "Obligatorisk",
	"label.heading.length": "Längd",
	"label.heading.code": "Kod",
	"label.heading.associatedwith": "Associerad med",
	"label.heading.datatablename": "Datatabellsnamn",
	"label.heading.editcode": "Redigera kod",
	"label.heading.editdatatable": "Redigera datatabell",
	"label.heading.newname": "Nytt namn",
	"label.heading.newcode": "Ny kod",
	"label.heading.schedulerstatus": "Schemaläggningsstatus",
	"label.heading.nextrun": "Nästa körning",
	"label.heading.previousrun": "Föregående körning",
	"label.heading.previousrunstatus": "Föregående körningsstatus",
	"label.heading.currentlyrunning": "Aktuell körning",
	"label.heading.savingsaccountno": "Sparkontonummer",
	"label.heading.command": "Kommando",
	"label.heading.follow": "Följ",
	"label.heading.isactivejob": "Är ett aktivt jobb?",
	"label.heading.jobname": "Jobbnamn",
	"label.heading.version": "Version",
	"label.heading.addcodevalue": "Lägg till kodvärde",
	"label.heading.madeby": "Gjord av",
	"label.heading.questions": "Frågor",
	"label.heading.key": "Nyckel",
	"label.heading.countrycode": "Landskod",
	"label.button.addquestion": "Lägg till fråga",
	"label.button.addoption": "Lägg till alternativ",
	"label.anchor.templates": "Mallar",
	"label.anchor.createtemplate": "Skapa mall",
	"label.anchor.edittemplate": "Redigera mall",
	"label.anchor.system": "System",
	"label.anchor.managecodes": "Hantera koder",
	"label.anchor.addcode": "Lägg till kod",
	"label.anchor.managedatatables": "Hantera datatabeller",
	"label.anchor.createdatatable": "Skapa datatabell",
	"label.anchor.editcode": "Redigera kod",
	"label.anchor.editdatatable": "Redigera datatabell",
	"label.anchor.addrole": "Lägg till roll",
	"label.anchor.viewroles": "Visa roller",
	"label.anchor.viewrole": "Visa roll",
	"label.anchor.manageroleandpermissions": "Hantera roller och behörigheter",
	"label.anchor.configuration": "Konfigurationer",
	"label.anchor.addcodevalue": "Lägg till kodvärde",
	"label.anchor.managemembers": "Hantera medlemmar",
	"label.anchor.addressConfiguration": "Adresskonfiguration",
	"label.input.addressType": "Adresstyp",
	"label.input.addressline1": "Adressrad 1",
	"label.input.addressline2": "Adressrad 2",
	"label.input.addressline3": "Adressrad 3",
	"label.input.street": "Gata",
	"label.input.town_village": "Stad / By",
	"label.input.county_district": "Län / Distrikt",
	"label.input.state_province": "Stat / Landskap",
	"label.input.postal_code": "Postnummer",
	"label.input.latitude": "Latitud",
	"label.input.longitude": "Longitud",
	"label.input.type": "Typ",
	"label.input.templatename": "Mallnamn",
	"label.input.codename": "Kodnamn",
	"label.input.events": "Händelser",
	"label.input.addcolumns": "Lägg till kolumner",
	"label.input.accountType": "Kontotyp",
	"clientIdentifierStatusType.inactive": "Inaktiv",
	"clientIdentifierStatusType.active": "Aktiv",
	"label.button.addcode": "Lägg till kod",
	"label.button.addcodevalues": "Lägg till kodvärden",
	"label.button.viewhistory": "Visa historik",
	"label.button.addrole": "Lägg till roll",
	"label.button.createsurvey": "Skapa enkät",
	"label.client": "Klient",
	"label.group": "Grupp",
	"label.office": "Kontor",
	"label.boolean": "Boolesk",
	"label.decimal": "Decimal",
	"label.date": "Datum",
	"label.datetime": "Datum och tid",
	"label.text": "Text",
	"label.managesurveys": "Hantera dina enkäter",
	"error.msg.codeValue.in.use": "Detta kodvärde används",
	"label.tooltip.global.daily-tpt-limit": "Avgör om det finns en gräns för den dagliga tredjepartsöverföringmängden (TPT). Detta används främst av självbetjänings-användare.",
	"label.tooltip.global.office-specific-products-enabled": "Avgör om kontorsspecifika produkter är aktiverad.",
	"label.tooltip.global.paymenttype-applicable-for-disbursement-charges": "Avgör om betalningssättet är tillämpligt för utbetalningsavgifter.",
	"label.tooltip.global.skip-repayment-on-first-day-of-month": "Avgör om en återbetalning som inträffar på första dagen i en månad kommer att hoppas över.",
	"label.heading.incomeaccount": "Inkomstkonto",
	"label.heading.fees": "Avgifter",
	"label.heading.income": "Inkomst",
	"label.heading.expirydate": "Utgångsdatum",
	"label.heading.fundname": "Fondnamn",
	"label.heading.paymenttype": "Betalningstyp",
	"label.heading.fundsource": "Fondkälla",
	"label.heading.items": "Föremål",
	"label.heading.errorlog": "Fellogg",
	"label.heading.product": "Produkt",
	"label.anchor.products": "Produkter",
	"label.anchor.charges": "Kostnader",
	"label.anchor.loanproducts": "Lånprodukter",
	"label.anchor.createloanproduct": "Skapa lånprodukter",
	"label.anchor.savingproducts": "Sparprodukter",
	"label.anchor.createsavingproduct": "Skapa sparprodukt",
	"label.anchor.editloanproduct": "Redigera lånprodukt",
	"label.anchor.editsavingproduct": "Redigera sparprodukt",
	"label.anchor.smscampaings": "SMS-kampanjer",
	"label.anchor.createcampaign": "Skapa kampanj",
	"label.input.selectproduct": "Välj produkt",
	"label.input.allowedproducts": "Tillåtna produkter",
	"label.input.productname": "Produktnamn",
	"label.input.fund": "Fond",
	"label.input.startdate": "Startdatum",
	"label.input.enddate": "Slutdatum",
	"label.input.minimum": "Minimum",
	"label.input.maximum": "Maximum",
	"label.input.default": "Standard",
	"label.input.none": "Ingen",
	"label.input.filterbynamefundname": "Filtrera efter namn/fondnamn",
	"label.button.createloanproduct": "Skapa lånprodukt",
	"label.button.createsavingproduct": "Skapa sparprodukt",
	"label.button.top": "Topp",
	"label.button.createcampaign": "Skapa kampanj",
	"label.selectproduct": "Välj produkt",
	"label.selectfund": "Välj fond",
	"chargeAppliesTo.loan": "Lån",
	"LoanProductValueConditionType.equal": "=",
	"LoanProductValueConditionType.greaterThan": ">",
	"validation.msg.charge.name.cannot.be.blank": "Namn kan inte vara tomt.",
	"validation.msg.charge.name.exceeds.max.length": "Namnet kan inte vara mer än {{params[0].value}} tecken långt.",
	"validation.msg.loanproduct.name.cannot.be.blank": "Namn är obligatoriskt.",
	"validation.msg.loanproduct.description.exceeds.max.length": "Namnet kan inte vara mer än {{params[0].value}} tecken långt.",
	"validation.msg.loanproduct.fundId.not.greater.than.zero": "Fond är ogiltig.",
	"validation.msg.loanproduct.currencyCode.cannot.be.blank": "Valuta är obligatoriskt.",
	"validation.msg.loanproduct.currencyCode.exceeds.max.length": "Valutakoden kan inte vara mer än {{params[0].value}} tecken lång.",
	"validation.msg.loanproduct.fundSourceAccountId.cannot.be.blank": "Fondkälla är obligatorisk.",
	"error.msg.product.loan.duplicate.name": "Lånprodukt med namnet `{{params[0].value}}` finns redan.",
	"validation.msg.savingsproduct.name.cannot.be.blank": "Namn är obligatoriskt.",
	"validation.msg.savingsproduct.name.exceeds.max.length": "Namnet kan inte vara mer än {{params[0].value}} tecken lång.",
	"error.msg.product.savings.duplicate.name": "Sparprodukt med namnet `{{params[0].value}}` finns redan.",
	"validation.msg.savingsproduct.description.cannot.be.blank": "Beskrivning är obligatorisk.",
	"validation.msg.savingsproduct.description.exceeds.max.length": "Beskrivning kan inte vara mer än {{params[0].value}} tecken lång.",
	"validation.msg.savingsproduct.currencyCode.cannot.be.blank": "Valuta är obligatorisk.",
	"products": "Produkter",
	"viewsavingaccount": "Visa sparkonto",
	"savingaccount": "Sparkonto",
	"global": "Konfigurationer",
	"templates": "Mallar",
	"createtemplate": "Skapa mall",
	"createloanproduct": "Skapa lånprodukt",
	"createsavingproduct": "Skapa sparprodukt",
	"system": "System",
	"adminroles": "Roller",
	"adminaddrole": "Lägg till roll",
	"clients": "Klienter",
	"createclient": "Skapa klient",
	"loanproducts": "Lånprodukter",
	"savingproducts": "Sparprodukter",
	"offices": "Kontor",
	"createoffice": "Skapa kontor",
	"tasks": "Uppgifter",
	"currconfig": "Valutakonfiguration",
	"usersetting": "Användarinställning",
	"users": "Användare",
	"employees": "Anställda",
	"createemployee": "Skapa anställd",
	"managefunds": "Hantera fonder",
	"accountingcoa": "Kontodiagram",
	"searchtransaction": "Sök transaktion",
	"addaccrule": "Lägg till kontoregel",
	"datatables": "Datatabeller",
	"createdatatable": "Skapa datatabell",
	"addcode": "Lägg till kod",
	"jobs": "Jobb",
	"codes": "Koder",
	"reports": "Rapporter",
	"createreport": "Skapa rapport",
	"groups": "Grupper",
	"creategroup": "Skapa grupp",
	"addmember": "Lägg till medlem",
	"addgroup": "Lägg till grupp",
	"login": "Logga in",
	"createglaccount": "Skapa GL-konto",
	"viewglaccount": "Visa GL-konto",
	"editglaccount": "Redigera GL-konto",
	"viewtransaction": "Visa transaktion",
	"viewcode": "Visa kod",
	"editcode": "Redigera kod",
	"systemviewreport": "Visa rapport",
	"editreport": "Redigera rapport",
	"viewgroup": "Visa grupp",
	"editgroup": "Redigera grupp",
	"closegroup": "Stäng grupp",
	"addrole": "Lägg till roll",
	"membermanage": "Hantera medlem",
	"invalid": "Ogiltig",
	"help": "Hjälp",
	"run_reportActiveLoansDetails": "Lånrapport",
	"run_reportActiveLoansSummary": "Lånrapport",
	"viewclient": "Visa klient",
	"reportsall": "Rapporter",
	"endDate": "Slutdatum",
	"startDate": "Startdatum",
	"label.input.edit": "Redigera",
	"label.input.savingproduct": "Välj sparkonto",
	"label.input.selectclients": "Välj klienter",
	"label.anchor.office": "Kontor",
	"label.input.officetemplate": "Office-mall",
	"label.heading.interestratedetails.incentive.conditiontype": "Condition",
	"incentiveConditionType.greterthan": "Större än",
	"incentiveConditionType.lessthan": "Mindre än",
	"incentiveConditionType.notequal": "Inte lika med",
	"label.heading.guarantee.status": "Status",
	"label.heading.transactionDate": "Transaktionsdatum",
	"label.input.teller.startDate": "Startdatum",
	"label.input.teller.status": "Status",
	"label.heading.cashmgmt.tellerCashiers.from": "Från",
	"label.heading.cashmgmt.tellerCashiers.to": "Till",
	"label.cashmgmt.cashier.isFullDay": "Ja",
	"label.input.teller.cashier.currency": "Valuta",
	"label.input.teller.cashier.startDate": "Från",
	"label.input.teller.cashier.endTime": "Till (tid)",
	"label.button.cashier.showtxn": "Visa taxon",
	"label.heading.cashmgmt.cashier.txnDate": "Datum",
	"label.heading.cashmgmt.cashier.txnDetails": "Detaljer",
	"label.input.teller.cashiertxn.txnDate": "Datum",
	"label.anchor.workingDays": "Arbetsdagar",
	"label.heading.workingDays": "Arbetsdagar",
	"label.input.workingDays": "Arbetsdagar",
	"label.view.paymentTypes": "Hantera betalningsmetoder",
	"label.input.country": "Land",
	"label.input.cbproduct": "Produkt",
	"label.input.start_date": "Startdatum",
	"label.input.end_date": "Slutdatum",
	"label.heading.Survey": "Undersökning",
	"label.anchor.survey": "Undersökning",
	"label.surveyName": "Undersökningsnamn",
	"label.selectsurvey": "Välj undersökning",
	"Savings Transactions": "Besparingstransaktioner",
	"day.monday": "måndag",
	"day.tuesday": "tisdag",
	"day.wednesday": "onsdag",
	"day.thursday": "torsdag",
	"day.friday": "fredag",
	"day.saturday": "lördag",
	"day.sunday": "söndag",
	"RepaymentRescheduleType.same.day": "samma dag",
	"RepaymentRescheduleType.move.to.previous.working.day": "flytta till föregående arbetsdag",
	"label.input.scheduledate": "Schemadatum",
	"label.input.scheduletime": "Schematid",
	"label.anchor.editcampaign": "Redigera kampanj",
	"label.menu.repeatsevery": "Upprepas varje",
	"label.menu.repeats": "Upprepas",
	"label.heading.deletesmscampaign": "Radera SMS-kampanj",
	"label.heading.mobilenumber": "Mobilnummer",
	"label.heading.datatable": "Datatabell",
	"label.menu.entity": "Entitet",
	"label.menu.status": "Status",
	"label.input.datatable": "Datatabell",
	"label.input.systemdefined": "Systemdefinierat",
	"label.menu.product": "Produkt",
	"label.menu.datatable": "Datatabell",
	"label.button.create": "Skapa",
	"m_client": "Klient",
	"m_group": "Grupp",
	"m_loan": "Lån",
	" # teller management localization": "---",
	"label.heading.nodataavailablefor": "Ingen data tillgänglig för",
	"label.heading.onmeetingdate": "på mötesdatum:",
	"label.heading.notification": "Aviseringar",
	"label.heading.createdAt": "Skapades den",
	"label.selectday": "Välj dag",
	"label.input.options": "Inställningar",
	"label.heading.options": "Inställningar",
	"label.heading.question": "Fråga",
	"label.heading.editsurvey": "Redigera undersökning",
	"label.heading.survey": "Undersökning",
	"label.heading.score": "Poäng",
	"label.button.takesurvey": "Delta i undersökningen",
	"validation.msg.survey.question.key.cannot.be.blank": "Frågenyckeln kan inte vara tom",
	"validation.msg.survey.question.text.cannot.be.blank": "Frågetexten kan inte vara tom",
	"validation.msg.survey.question.options.cannot.be.empty": "Frågealternativet kan inte vara tomt",
	"validation.msg.survey.options.text.cannot.be.blank": "Alternativtexten kan inte vara tom",
	"validation.msg.survey.options.value.cannot.be.blank": "Alternativvärdet kan inte vara tomt",
	"error.msg.survey.duplicate.key": "Enkät finns redan med nyckel: `{{params[0].value}}`",
	"label.heading.deactivated": "Inaktiverad",
	"label.button.deactivate": "Inaktivera",
	"error.msg.survey.cannot.be.modified.as.used.in.client.survey": "Enkäten kan inte ändras, den har redan använts i klientenkäten",
	"label.input.runreportevery": "Kör rapporten varje",
	"label.input.runreporteverydays": "dagar",
	"reportRunFrequency.daily": "Dagligen",
	"reportRunFrequency.weekly": "Varje vecka",
	"reportRunFrequency.monthly": "Månatligen",
	"reportRunFrequency.yearly": "Årligen",
	"reportRunFrequency.custom": "Anpassad",
	"label.heading.activate.group": "Aktivera grupp",
	"validation.msg.sharesproduct.sharesIssued.cannot.be.greater.than.totalNumberOfShares": "Antalet delade ärenden bör vara mindre än totala antalet delningar.",
	"validation.msg.sharesproduct.description.cannot.be.blank": "Beskrivningen kan inte vara tom.",
	"label.input.new.emi": "Nytt EMI",
	"label.input.changeEMI": "Ändra EMI",
	"label.input.installment.date": "Installeringsdatum",
	"----End---": "--Slut på filen--"
}
