{
	"@metadata": {
		"authors": [
			"Abijeet Patro",
			"Adithyavr",
			"Archana mathur",
			"Luckyman000786",
			"Phoenix303",
			"Rajat11",
			"Sfic",
			"Smtchahal",
			"Upendradutt93",
			"Wikiuser13",
			"संजीव कुमार"
		]
	},
	"label.heading.totalshares": "\nकुल शेयर",
	"label.heading.sharenominalprice": "\nनाममात्र / यूनिट मूल्य",
	"label.heading.totalsharestobeissued": "कुल शेयर जारी किए जाएंगे",
	"label.heading.sharecapitalvalue": "कुल शेयर पूंजी मूल्य",
	"label.heading.shareperclient": "प्रति ग्राहक शेयर",
	"label.heading.minimumactiveperiod": "न्यूनतम सक्रिय अवधि",
	"label.heading.suspenseaccount": "सन्देही खाता",
	"label.heading.equityaccount": "इक्विटी खाता",
	"label.heading.allowdividendsforinactiveclients": "निष्क्रिय क्लाइंट के लिए लाभांश की अनुमति दें",
	"label.heading.name": "नाम",
	"label.heading.alias": "उपनाम",
	"label.heading.amountDue": "देय राशि",
	"label.heading.cbid": "क्रेडिट ब्यूरो आईडी",
	"label.heading.country": "देश",
	"label.heading.cbName": "क्रेडिट ब्यूरो का नाम",
	"label.heading.disabled": "अक्षम",
	"label.heading.description": "विवरण",
	"label.heading.externalid": "एक्सटर्नल आईडी:",
	"label.heading.accounttype": "खाता प्रकार",
	"label.heading.next": "अगला",
	"label.heading.prev": "पिछला",
	"label.heading.isactive": "सक्रिय?",
	"label.input.fullname": "नाम",
	"label.input.legalForm": "कानूनी रूप",
	"label.input.active": "सक्रिय",
	"label.input.constitution": "संविधान",
	"label.button.searchdata": "डेटा खोजे",
	"label.button.back": "पिछे",
	"error.login.failed": "फिर प्रयास करें, अपने क्रेडेंशियल्स मान्य नहीं हैं",
	"label.tooltip.charges.active.false": "असक्रिय",
	"label.heading.home": "घर",
	"label.heading.parentoffice": "मूल कार्यालय:",
	"label.heading.openedon": "पर खोला:",
	"label.heading.mifosxclient": "Mifos-X क्लाइंट",
	"label.heading.mifosx": "Mifos X",
	"label.heading.uptodate": "MifosX तारीख तक है",
	"label.heading.community": "समुदाय",
	"label.anchor.logout": "लॉगआउट",
	"label.anchor.all": "सब",
	"label.anchor.loans": "ऋण",
	"label.anchor.savings": "जमा पूंजी",
	"label.anchor.funds": "फंडों",
	"label.anchor.admin": "आडमिन",
	"label.anchor.reports": "रिपोर्टों",
	"label.anchor.profile": "प्रोफ़ाइल",
	"label.anchor.settings": "सेटिंग्स",
	"label.anchor.usermanual": "उपयोगकर्ता गाइड",
	"label.anchor.functionalspec": "कार्यात्मक कल्पना",
	"label.anchor.developerzone": "डेवलपर ज़ोन",
	"label.anchor.usersgroup": "उपयोगकर्ता समूह",
	"label.anchor.developergroup": "डेवलपर समूह",
	"label.anchor.keydesignprinciples": "मुख्य डिजाइन सिद्धांत",
	"label.anchor.workingwithcode": "कोड के साथ कार्य करना",
	"label.anchor.donate": "दान करना",
	"label.anchor.irc": "आईआरसी",
	"label.input.changelanguage": "भाषा बदल:",
	"label.button.signin": "साइन इन करें",
	"label.anchor.clients": "ग्राहकों",
	"label.input.documenttype": "स्थिति",
	"clientStatusType.active": "सक्रिय",
	"label.heading.managemembers": "सदस्यों को प्रबंधित करें",
	"label.heading.associatenewmembers": "सह नव-सदस्य",
	"label.heading.groupmembers": "समूह सदस्य",
	"label.anchor.groups": "समूहों",
	"label.input.searchformember": "सदस्य खोजें",
	"label.button.managemembers": "सदस्य प्रबंधन",
	"label.active": "सक्रिय",
	"groupingStatusType.active": "सक्रिय",
	"label.heading.managegroups": "समूह प्रबंधन्",
	"label.anchor.centers": "केन्द्रों",
	"label.anchor.managegroups": "समूह प्रबंधन",
	"label.button.managegroups": "समूहों को प्रबंधित करें",
	"label.heading.glcode": "जीएल कोड",
	"label.heading.acctype": "खाता प्रकार",
	"label.heading.manualentriesallowed": "मैनुअल प्रविष्टियां अनुमति है?",
	"label.heading.usedas": "के रूप में इस्तेमाल",
	"label.heading.parentaccountname": "खाते के जनक",
	"label.heading.tag": "टैग",
	"label.heading.accountusage": "खाता उपयोग",
	"label.anchor.accounting": "अकाउंटिंग",
	"label.input.entryid": "प्रविष्टि ID",
	"journalEntryType.credit": "क्रेडिट",
	"label.button.addaccount": "खाते जोड़ें",
	"label.heading.loanofficer": "ऋण अधिकारी :",
	"label.input.applicationdate": "आवेदन दिनांक",
	"label.selectprovisioningcategory": "श्रेणी चुने",
	"label.tooltip.loanProduct.active": "सक्रिय",
	"loanStatusType.active": "सक्रिय",
	"label.subStatus": "उप स्थिति",
	"savingsAccountStatusType.active": "सक्रिय",
	"label.anchor.users": "उपयोगकर्ताओं",
	"label.anchor.editconfiguration": "कॉन्फ़िगरेशन को संपादित करें",
	"label.input.username": "प्रयोक्ता नाम",
	"label.input.password": "पासवर्ड",
	"label.heading.isLoanOfficer": "वह ऋण अधिकारी है? :",
	"label.heading.namedecorated": "सजाया नाम:",
	"label.heading.officeName": "ऑफिस का नाम:",
	"label.anchor.organization": "संगठन",
	"label.anchor.createemployee": "कर्मचारी को बनाने",
	"label.input.isLoanOfficer": "वह ऋण अधिकारी है?",
	"label.input.mobileNo": "एसएमएस के लिए मोबाइल नंबर",
	"label.input.taxgroup": "कर समूह",
	"validation.msg.staff.officeId.cannot.be.blank": "कार्यालय अनिवार्य है।",
	"label.tooltip.employees.active.true": "सक्रिय",
	"label.heading.position": "स्थान",
	"label.anchor.templates": "टेम्पलेट्स",
	"label.anchor.system": "सिस्टम",
	"label.anchor.tasks": "कार्य",
	"label.anchor.managemembers": "सदस्यों को प्रबंधित करें",
	"label.input.hooktemplate": "हुक साँचा",
	"clientIdentifierStatusType.inactive": "असक्रिय",
	"clientIdentifierStatusType.active": "सक्रिय",
	"label.office": "कार्यालय:",
	"label.heading.active": "सक्रिय",
	"label.anchor.products": "उत्पादों",
	"label.anchor.charges": "प्रभार / दंड",
	"label.anchor.loanproducts": "ऋण उत्पादों",
	"label.anchor.savingproducts": "बचत उत्पादों",
	"label.anchor.productsmix": "उत्पादों मिश्रण",
	"label.input.variable.installments.allowed": "परिवर्तनीय किश्तों की अनुमति",
	"guarantorFundStatusType.active": "सक्रिय",
	"label.input.new.emi": "नई ईएमआई",
	"label.input.emi.change.upto": "ईएमआई परिवर्तन समाप्ति तिथि",
	"label.input.changeEMI": "ईएमआई बदलें"
}
