{
	"@metadata": {
		"authors": [
			"Alex00728",
			"Clockoon",
			"Gusdud25",
			"Hwangjy9",
			"In2acous",
			"Jerrykim306",
			"Jytim",
			"Kurousagi",
			"Nayan",
			"Nuevo Paso",
			"Priviet",
			"Revi",
			"SeoJeongHo",
			"Ykhwong",
			"아라"
		]
	},
	"label.heading.shareperclient": "클라이언트마다 공유",
	"label.heading.suspenseaccount": "미결 계좌",
	"label.heading.equityaccount": "공평 계좌",
	"label.heading.name": "이름",
	"label.heading.alias": "다른 이름",
	"label.heading.country": "국가",
	"label.heading.stale_period": "stale_period",
	"label.heading.startdate": "시작 날짜",
	"label.heading.enddate": "종료 날짜",
	"label.heading.is_active": "is_active",
	"label.heading.accnum": "계좌 번호",
	"label.heading.staff": "직원",
	"label.heading.office": "사무실",
	"label.heading.delete": "삭제하시겠습니까?",
	"label.heading.reject": "거부하시겠습니까?",
	"label.heading.deleterole": "역할 삭제",
	"label.heading.disablerole": "역할 비활성화",
	"label.heading.disabled": "비활성화됨",
	"label.heading.enabledrole": "활성화됨",
	"label.heading.enablerole": "역할 활성화",
	"label.heading.unassignstaff": "직원 할당 해제",
	"label.heading.assignstaff": "직원 할당",
	"label.heading.general": "일반",
	"label.heading.performancehistory": "실적 기록",
	"label.heading.settings": "설정",
	"label.heading.status": "상태",
	"label.heading.loanaccount": "대출 계좌",
	"label.heading.type": "종류",
	"label.heading.category": "분류",
	"label.heading.balance": "잔고",
	"label.heading.viewreceipts": "명세표 보기",
	"label.heading.savingaccount": "저축 계좌",
	"label.heading.description": "설명",
	"label.heading.shortname": "짧은 이름",
	"label.heading.approve": "승인을 확인합니까?",
	"label.heading.gsimId": "GSIM Id",
	"label.heading.glimId": "GLIM Id",
	"label.heading.actions": "동작",
	"label.heading.loanaccoverview": "대출 계좌 개요",
	"label.heading.savingsaccoverview": "저축 계좌 개요",
	"label.heading.members": "회원",
	"label.heading.confirm": "확인",
	"label.heading.attendance": "참석자",
	"label.heading.comments": "댓글",
	"label.heading.id": "ID",
	"label.heading.activationdate": "활성화한 날짜",
	"label.heading.externalid": "외부 ID",
	"label.heading.summary": "요약",
	"label.heading.products": "상품",
	"label.heading.branch": "지점",
	"label.heading.notes": "메모",
	"label.heading.closedaccount": "닫힌 계좌",
	"label.heading.transactiondate": "거래 기록",
	"label.heading.account": "계좌",
	"label.heading.debit": "직불",
	"label.heading.credit": "신용카드",
	"label.heading.updatedby": "업데이트됨",
	"label.heading.updatedon": "업데이트됨",
	"label.heading.error": "오류",
	"label.heading.client": "클라이언트",
	"label.heading.accounttype": "계좌 종류",
	"label.heading.user": "사용자",
	"label.heading.loan": "대출",
	"label.heading.amount": "금액",
	"label.heading.date": "날짜",
	"label.heading.transactiontype": "거래 종류",
	"label.heading.paid": "지불됨",
	"label.heading.waived": "면제됨",
	"label.heading.resourceid": "리소스 ID",
	"label.heading.details": "자세한 사항",
	"label.heading.identitydocuments": "식별 설명문서",
	"label.heading.clientapproval": "클라이언트 승인",
	"label.heading.loanapproval": "대출 승인",
	"label.heading.loandisbursal": "대출 거부",
	"label.heading.issueswithdrawls": "이슈 인출",
	"label.heading.notprovided": "제공되지 않음",
	"label.heading.notavailable": "사용할 수 없음",
	"label.heading.next": "다음",
	"label.heading.prev": "이전",
	"label.heading.provisioningcategory": "분류",
	"label.heading.minimumage": "최저 연령",
	"label.heading.maximumage": "최고 연령",
	"label.heading.provisioningpercentage": "백분율:",
	"label.heading.provisioningliabilityaccount": "책임 계좌",
	"label.heading.provisioningexpenseaccount": "비용 계좌",
	"label.input.between": "사이",
	"label.input.loanproduct": "대출 상품",
	"label.heading.count": "횟수",
	"label.heading.percentage": "백분율",
	"label.heading.loanamount": "원래 대출",
	"label.heading.dueamount": "지불한 돈",
	"label.heading.serviceType": "외부 서비스 유형",
	"label.heading.reset": "재설정",
	"label.input.liabilityaccount": "책임 계좌 (CR)",
	"label.input.expenseaccount": "비용 계좌 (DR)",
	"label.input.minfloatinginterestrate": "최소 인터레스트 레이트",
	"label.heading.sharesaccoverview": "공유 계좌 개요",
	"label.heading.shareaccount": "공유 계좌#",
	"label.heading.smsProvider": "SMS 제공자",
	"label.heading.approvedby": "승인자",
	"label.heading.message": "메시지",
	"label.heading.preview": "미리 보기",
	"label.heading.selfserivceaccountactivated": "셀프 서비스 계정이 활성화되었습니다",
	"label.heading.address": "주소",
	"label.heading.isactive": "상태",
	"label.menu.selectloanofficer": "직원 선택",
	"label.menu.selectone": "하나 선택",
	"label.anchor.delete": "삭제",
	"label.achor.activate": "활성화",
	"label.anchor.close": "닫기",
	"label.anchor.activate": "활성화",
	"label.anchor.importclients": "클라이언트",
	"label.anchor.editpermissions": "권한 편집",
	"label.input.name": "이름",
	"label.input.firstname": "이름",
	"label.input.lastname": "성",
	"label.input.middlename": "중간 이름",
	"label.input.mobileNumber": "휴대폰 번호",
	"label.input.age": "나이",
	"label.input.maritalstatus": "결혼 여부",
	"label.input.fullname": "이름",
	"label.input.accno": "계좌 번호",
	"label.input.staff": "직원",
	"label.input.office": "사무실",
	"label.input.client": "클라이언트",
	"label.input.clients": "클라이언트",
	"label.input.enternote": "참고 입력:",
	"label.input.notes": "참고",
	"label.input.externalid": "외부 ID",
	"label.input.description": "설명",
	"label.input.repeat": "반복",
	"label.input.comments": "댓글",
	"label.input.amount": "금액",
	"label.input.branchoffice": "지점",
	"label.input.center": "중앙",
	"label.input.group": "그룹",
	"label.input.total": "총계",
	"label.input.note": "참고",
	"label.input.language": "언어",
	"label.input.dateformat": "날짜 형식",
	"label.input.gender": "성별",
	"label.input.dateofbirth": "생일",
	"label.input.sqlSearch": "SQL 검색",
	"label.input.transfertype": "송금 유형",
	"label.input.true": "참",
	"label.input.false": "거짓",
	"label.input.status": "상태",
	"label.input.email": "이메일",
	"label.button.previous": "이전",
	"label.button.next": "다음",
	"label.button.save": "제출",
	"label.button.searchdata": "검색 데이터",
	"label.button.cancel": "취소",
	"label.button.edit": "편집",
	"label.button.delete": "삭제",
	"label.button.confirm": "확인",
	"label.button.close": "닫기",
	"label.button.activate": "활성화",
	"label.button.newloan": "새 대출",
	"label.button.newshareaccount": "새 공유 계좌",
	"label.button.transferclient": "송금 클라이언트",
	"label.button.newsaving": "새 저축",
	"label.button.accepttransfer": "송금 수락",
	"label.button.rejecttransfer": "송금 거부",
	"label.button.undotransfer": "송금 되돌리기",
	"label.button.deleteall": "모두 삭제",
	"label.button.add": "추가",
	"label.button.back": "뒤로",
	"label.button.advancesearch": "고급 검색",
	"label.button.enable": "활성화",
	"label.button.processing": "처리 중",
	"label.button.disable": "비활성화",
	"label.button.viewfullscreen": "전체 화면 보기",
	"label.button.more": "더 보기",
	"label.button.reject": "거부",
	"label.button.pay": "지불",
	"label.button.clientscreenreports": "클라이언트 화면 보고",
	"label.button.summary": "요약",
	"label.button.updatedefaultsavings": "기본 저축 업데이트",
	"label.button.submit": "제출",
	"label.button.selectAll": "모두 선택",
	"label.button.deselectAll": "모두 선택하지 않음",
	"label.button.clientpayments": "클라이언트 지불",
	"label.button.submitandprint": "제출 및 인쇄",
	"label.button.validate": "유효화",
	"label.button.pattern": "패턴",
	"label.button.proceed": "진행",
	"label.button.addAddress": "주소 추가",
	"label.createdby": "작성자",
	"label.areyousure": "확실합니까?",
	"label.all": "모두",
	"currency.USD": "미국 달러",
	"label.selectone": "하나 선택",
	"label.requirefield": "필수 필드",
	"label.none": "없음",
	"label.savesuccessfully": "성공적으로 저장했습니다",
	"label.nodatafound": "입력한 검색 변수에 관한 데이터를 찾을 수 없습니다.",
	"label.mustbenumeric": "숫자여야 합니다",
	"label.usernameminfivechars": "사용자 이름은 적어도 5자여야 합니다.",
	"label.passwordminsixchars": "비밀번호는 적어도 6자여야 합니다.",
	"label.percentage": "퍼센트",
	"label.and": "그리고",
	"label.message.password.expired": "비밀번호가 만기되었습니다. 비밀번호를 재설정해 주십시오.",
	"label.today": "오늘",
	"label.relDate": "Mifos X 배포 날짜:",
	"label.relVersion": "배포 버전:",
	"label.select": "옵션을 선택하세요",
	"label.selectentity": "개체 선택",
	"label.selectaction": "동작 선택",
	"label.error": "오류",
	"error.connection.failed": "서버에 연결할 수 없습니다. 올바른 설정을 사용하고 있는지 확인하세요.",
	"error.msg.command.unsupported": "프로그래머 오류: 발행된 명령은 지원하지 않습니다.",
	"error.msg.not.authorized": "이 작업을 수행할 권한이 없습니다.",
	"error.msg.invalid.request.body": "요청 본문에 제공된 JSON은 유효하지 않거나 존재하지 않습니다.",
	"error.msg.header": "다음의 오류가 있습니다:",
	"validation.msg.invalid.date.format": "날짜 형식이 잘못되었습니다.",
	"validation.msg.missing.dateFormat.parameter": "'날짜 형식' 변수는 필수입니다.",
	"validation.msg.invalid.number.format": "`{{params[0].value}}`는 유효하지 않은 정수입니다.",
	"validation.msg.invalid.integer": "`{{params[0].value}}`는 유효하지 않은 정수입니다.",
	"validation.msg.invalid.integer.format": "`{{params[0].value}}`는 유효하지 않은 정수입니다.",
	"error.msg.document.file.too.big": "5 MB보다 큰 파일은 올릴 수 없습니다.",
	"validation.msg.document.fileName.cannot.be.blank": "파일을 선택하세요.",
	"validation.msg.document.name.cannot.be.blank": "이 문서의 이름을 입력해 주십시오.",
	"resourceId.not.integer": "ID는 정수여야 합니다.",
	"error.msg.resource.not.found": "요청된 리소스는 이용할 수 없습니다.",
	"error.msg.code.identifier.not.found": "{{params[0].value}} 식별자를 가진 코드가 존재하지 않습니다.",
	"validation.msg.calendar.title.cannot.be.blank": "제목 칸은 필수입니다.",
	"validation.msg.calendar.startDate.cannot.be.blank": "시작 날짜 칸은 필수입니다.",
	"validation.msg.calendar.description.cannot.be.blank": "설명 칸을 비워둘 수 없습니다.",
	"validation.msg.calendar.location.cannot.be.blank": "위치를 빈 칸으로 둘 수 없습니다.",
	"validation.msg.calendar.endDate.cannot.be.blank": "종료 날짜를 빈 칸으로 둘 수 없습니다.",
	"validation.msg.calendar.duration.cannot.be.blank": "기간 칸을 비워둘 수 없습니다.",
	"label.heading.payloancharge": "대출 과금 지불",
	"label.input.paymentdate": "지불 날짜",
	"label.tooltip.charges.active.true": "활성",
	"label.tooltip.charges.active.false": "비활성",
	"label.heading.dashboard": "대시보드",
	"label.heading.home": "홈",
	"label.heading.welcome": "환영합니다",
	"label.heading.action": "동작",
	"label.heading.entity": "개체",
	"label.heading.loantype": "대출 유형",
	"label.heading.firstname": "이름",
	"label.heading.lastname": "성",
	"label.heading.fullname": "이름",
	"label.heading.mifosxclient": "Mifos X 클라이언트",
	"label.heading.mifosx": "Mifos X",
	"label.heading.uptodate": "은(는) 최신입니다",
	"label.heading.resources": "자료",
	"label.heading.contribute": "기여",
	"label.heading.loginname": "로그인 이름",
	"label.heading.userprofile": "사용자 프로필",
	"label.heading.userid": "사용자 ID",
	"label.heading.username": "사용자 이름",
	"label.heading.keyboarshortcuts": "단축 키",
	"label.heading.saveorsubmit": "폼 저장/제출",
	"label.heading.cancel": "취소",
	"label.heading.runreport": "보고서 실행",
	"label.heading.logout": "로그아웃",
	"label.heading.search": "검색",
	"label.heading.help": "도움말",
	"label.heading.language": "언어",
	"label.heading.primaryemail": "주 사용 이메일",
	"label.heading.categoryname": "분류 이름",
	"label.menu.office": "사무실",
	"label.anchor.startpage": "시작 페이지",
	"label.anchor.homepage": "홈페이지",
	"label.anchor.loginpage": "로그인 문서",
	"label.anchor.logout": "로그아웃",
	"label.anchor.home": "대문",
	"label.anchor.all": "모두",
	"label.anchor.loans": "대출",
	"label.anchor.savings": "저축",
	"label.anchor.funds": "펀드",
	"label.anchor.admin": "관리",
	"label.anchor.reports": "보고",
	"label.anchor.profile": "프로필",
	"label.anchor.settings": "설정",
	"label.anchor.navigation": "둘러보기",
	"label.anchor.client": "클라이언트",
	"label.anchor.group": "그룹",
	"label.anchor.center": "중앙",
	"label.anchor.usermanual": "사용자 매뉴얼",
	"label.anchor.usersgroup": "사용자 그룹",
	"label.anchor.developergroup": "개발자 그룹",
	"label.anchor.donate": "기부",
	"label.anchor.irc": "IRC",
	"label.anchor.dashboard": "대시보드",
	"label.anchor.help": "도움말",
	"label.anchor.about": "정보",
	"label.anchor.advsearch": "고급 검색",
	"label.anchor.keyboardshortcut": "단축 키",
	"label.anchor.save": "저장",
	"label.input.clienttemplate": "클라이언트 서식",
	"label.input.additionalinformation": "추가 정보",
	"label.input.changelanguage": "언어 변경:",
	"label.search.scope.all": "모두",
	"label.search.scope.clients.and.clientIdentifiers": "클라이언트",
	"label.search.scope.groups.and.centers": "그룹",
	"label.search.scope.savings": "저축",
	"label.button.login": "로그인",
	"label.button.approve": "승인",
	"label.button.offices": "사무실",
	"label.button.loanofficers": "대출 사무자",
	"label.button.centers": "중앙",
	"label.button.groups": "그룹",
	"label.button.clients": "클라이언트",
	"label.button.week": "주",
	"label.button.month": "월",
	"label.button.day": "일",
	"label.button.signin": "로그인",
	"label.button.resetPassword": "비밀번호 재설정",
	"label.button.viewpermissions": "권한 보기",
	"label.youneedtologintoaccessthisarea": "이 영역에 접근하려면 로그인해야 합니다.",
	"label.selectugdtemplate": "UGD 탬플릿 선택",
	"label.nodata": "데이터 없음",
	"label.searchorpress": "검색하려면 클릭하거나 Alt+X를 누르세요",
	"label.heading.familymembers": "가족 구성원",
	"label.heading.uniqueidentification": "고유 ID 번호",
	"label.heading.filename": "파일 이름",
	"label.heading.templates": "템플릿",
	"label.heading.documents": "문서",
	"label.heading.editclient": "클라이언트 편집",
	"label.heading.uploadclientdocument": "클라이언트 문서 업로드",
	"label.heading.addclientidentifier": "클라이언트 식별자 추가",
	"label.heading.groupclosed": "그룹 닫힘",
	"label.heading.clientid": "클라이언트 ID",
	"label.heading.numofloancycle": "대출 주기의 #",
	"label.heading.createclient": "클라이언트 만들기",
	"label.heading.selectclientimage": "클라이언트 그림 선택",
	"label.heading.captureclientimage": "클라이언트 그림 캡처",
	"label.heading.deleteclientimage": "클라이언트 그림 삭제",
	"label.heading.selectclientsignature": "클라이언트 서명 선택",
	"label.heading.clientsignature": "클라이언트 서명",
	"label.heading.clientscreenreport": "클라이언트 화면 보고",
	"label.heading.clientno": "클라이언트 번호",
	"label.heading.clientclosed": "클라이언트 닫힘",
	"label.heading.clientrejected": "클라이언트 거부됨",
	"label.heading.withdrawn": "클라이언트 인출",
	"label.anchor.clients": "클라이언트",
	"label.anchor.createclient": "클라이언트 만들기",
	"label.anchor.viewclient": "클라이언트 보기",
	"label.anchor.transferclient": "송금 클라이언트",
	"label.anchor.editclient": "클라이언트 편집",
	"label.anchor.uploaddocument": "문서 업로드",
	"label.anchor.addclientidentities": "클라이언트 식별자 추가",
	"label.anchor.clientscreenreport": "클라이언트 화면 보고",
	"label.anchor.acceptclienttransfer": "송금 클라이언트 수락",
	"label.anchor.rejecttransfer": "송금 클라이언트 거부",
	"label.anchor.undotransfer": "송금 클라이언트 되돌리기",
	"label.anchor.reactivate": "다시 활성화",
	"label.input.filterbynameaccno": "이름/클라이언트#/직원/사무실별로 표시 필터",
	"label.input.selectclientimage": "클라이언트 그림 선택",
	"label.input.selectfile": "파일 선택",
	"label.input.selectexcelfile": "액셀 파일 선택",
	"label.input.documenttype": "문서 유형",
	"label.input.uniqueidentification": "고유 ID 번호",
	"label.input.mobilenumber": "휴대폰 번호",
	"label.input.client.creationdate": "만든 날짜",
	"label.input.rejectiondate": "거부 날짜",
	"label.input.rejectionreason": "거부 이유",
	"label.input.withdrawaldate": "인출 날짜",
	"label.input.withdrawalreason": "인출 이유",
	"label.input.clientName": "클라이언트 이름",
	"label.input.clientId": "클라이언트 ID",
	"label.input.legalformentity": "개체",
	"label.button.createclient": "클라이언트 만들기",
	"label.button.showall": "닫힌 항목 표시",
	"label.button.print": "인쇄",
	"label.button.viewprint": "보고서 생성",
	"label.button.savingdetails": "저축 자세한 사항",
	"label.button.loandetails": "대출 자세한 사항",
	"label.button.upload": "올리기",
	"label.button.download": "다운로드",
	"label.button.capture": "캡처",
	"label.button.viewclosedloans": "닫힌 대출 보기",
	"label.button.viewclosedsavings": "닫힌 저축 보기",
	"label.button.uploadpic": "클라이언트 그림 업로드",
	"label.button.capturepic": "클라이언트 그림 캡처",
	"label.button.deletepic": "클라이언트 그림 삭제",
	"label.button.uploadsig": "클라이언트 서명 업로드",
	"label.button.deletesig": "클라이언트 서명 지우기",
	"label.button.viewsig": "클라이언트 서명 보기",
	"label.button.reactivate": "다시 활성화",
	"label.button.ok": "확인",
	"label.button.reset": "초기화",
	"label.button.clear": "지우기",
	"label.button.viewclosedshares": "닫힌 공유 보기",
	"label.numofloancycles": "대출 주기의 #",
	"label.totalsavings": "총 저축",
	"label.showClientSignature": "클라이언트 서명 보기",
	"label.noClientSignature": "클라이언트 서명이 제공되어 있지 않습니다",
	"client.search.not.allowed": "클라이언트 검색은 허용하지 않습니다.",
	"loan.search.not.allowed": "대출 검색 사용을 허용하지 않습니다.",
	"clientStatusType.pending": "보류 중",
	"clientStatusType.closed": "닫힘",
	"clientStatusType.invalid": "유효하지 않음",
	"clientStatusType.transfer.in.progress": "진행 중인 송금",
	"validation.msg.client.id.no.name.details.passed": "고객 이름에 관한 상세 정보는 필수이며 아무것도 제공되지 않았습니다.",
	"validation.msg.client.firstname.cannot.be.blank": "이름은 필수입니다.",
	"validation.msg.client.lastname.cannot.be.blank": "성은 필수입니다.",
	"validation.msg.client.name.cannot.start.specialchar.ornumber": "이름은 특수 문자나 숫자로 시작할 수 없습니다",
	"validation.msg.client.staffId.cannot.be.blank": "직원을 선택하세요.",
	"error.msg.client.id.invalid": "클라이언트가 존재하지 않습니다.",
	"error.msg.image.type.upload": "지원되는 파일 형식: GIF, PNG, JPG",
	"validation.msg.clientImage.cannot.be.blank": "업로드할 그림을 선택하세요.",
	"label.heading.addmember": "회원 추가",
	"label.heading.addrole": "역할 추가",
	"label.heading.repeatdetails": "보고 자세한 사항",
	"label.heading.creategroup": "그룹 만들기",
	"label.heading.editgroup": "그룹 편집",
	"label.heading.managemembers": "회원 관리",
	"label.heading.groupmembers": "그룹 회원",
	"label.heading.transferclientsbetweengroups": "그룹 사이의 송금 클라이언트",
	"label.heading.role": "역할",
	"label.heading.center": "중앙",
	"label.menu.selectoffice": "사무실 선택",
	"label.menu.selectloanproducts": "대출 상품 선택",
	"label.menu.selectstaff": "직원 선택",
	"label.menu.selectgroup": "그룹 선택",
	"label.anchor.groups": "그룹",
	"label.anchor.viewgroup": "그룹 보기",
	"label.anchor.creategroup": "그룹 만들기",
	"label.input.role": "역할",
	"label.input.repeats": "반복",
	"label.input.addclients": "클라이언트 추가",
	"label.input.availableclients": "사용할 수 있는 클라이언트",
	"label.input.selectedclients": "선택한 클라이언트",
	"label.input.error": "오류",
	"label.input.invaliddaterange": "유효한 날짜 범위를 선택해 주십시오",
	"label.button.creategroup": "그룹 만들기",
	"label.button.transferclients": "송금 클라이언트",
	"label.selectgroup": "그룹 선택",
	"label.selectstaff": "직원 선택",
	"label.selectshareproduct": "공유 상품 선택",
	"groupingStatusType.pending": "보류 중",
	"groupingStatusType.closed": "닫힘",
	"label.heading.addgroup": "그룹 추가",
	"label.heading.createcenter": "중앙 만들기",
	"label.heading.editcenter": "중앙 편집",
	"label.heading.centerclosed": "중앙 닫힘",
	"label.heading.groups": "그룹",
	"label.heading.groupdetails": "그룹 자세한 사항",
	"label.heading.managegroups": "그룹 관리",
	"label.heading.group": "그룹",
	"label.anchor.centers": "중앙",
	"label.anchor.viewcenter": "중앙 보기",
	"label.anchor.createcenter": "중앙 만들기",
	"label.anchor.editcenter": "중앙 편집",
	"label.anchor.managegroups": "그룹 관리",
	"label.button.createcenter": "중앙 만들기",
	"label.button.managegroups": "그룹 관리",
	"label.input.select.groups": "그룹 선택 및 추가",
	"label.input.searchforgroup": "그룹 검색",
	"label.selectcenter": "중앙 선택",
	"label.selectclients": "클라이언트 선택",
	"validation.msg.group.name.cannot.be.blank": "이름은 필수입니다.",
	"error.msg.Center.close.active.groups.exist": "닫을 수 없습니다. 활성 그룹이 존재합니다.",
	"label.heading.glcode": "GL 코드",
	"label.heading.createglaccount": "GL 계좌 만들기",
	"label.heading.tag": "태그",
	"label.heading.viewaccounttransferdetails": "계좌 송금 자세한 사항 보기",
	"label.heading.accounttransfers": "계좌 송금",
	"validation.msg.periodicaccrual.accrueTill.is.greater.than.date": "날짜는 미래일 수 없습니다",
	"label.heading.daterange": "날짜 범위",
	"label.anchor.addrule": "규칙 추가",
	"label.anchor.viewaccounttransferdetails": "계좌 송금 자세한 사항 보기",
	"label.input.glcode": "GL 코드",
	"label.input.smsprovider": "SMS 제공자",
	"label.button.addfamilymember": "가족 구성원 추가",
	"label.button.addrule": "규칙 추가",
	"label.button.expand.all": "모두 펼치기",
	"label.button.collapse.all": "모두 숨기기",
	"liabilityTransfer": "책임 송금",
	"label.selectfilter": "필터 선택",
	"accountUsage.header": "머리글",
	"validation.msg.GLAccount.glCode.cannot.be.blank": "GL 코드는 필수입니다.",
	"label.heading.incomes": "수입",
	"label.anchor.xbrl": "XBRL",
	"label.input.outputtype": "출력 종류",
	"label.input.showreport": "일반 포맷",
	"label.input.exportexcel": "엑셀 포맷",
	"label.input.exportexcel2": "엑셀 2007 포맷",
	"label.input.exportcsv": "CSV 포맷",
	"label.input.pdfformat": "PDF 포맷",
	"label.button.exportcsv": "CSV 내보내기",
	"label.button.export": "내보내기",
	"loanProductIdSelectAll": "대출 상품 선택",
	"label.heading.groups/clients": "그룹/클라이언트",
	"label.heading.loanproduct": "대출 상품",
	"label.heading.value": "값",
	"label.heading.clientdetails": "클라이언트 자세한 사항",
	"label.heading.clientspecificdata": "클라이언트 특정 데이터",
	"label.heading.relationship": "관계",
	"label.heading.enterpaymentdate": "지불 날짜 입력",
	"label.anchor.withdraw": "인출",
	"label.anchor.showpaymentdetails": "지불 자세한 사항 보기",
	"label.input.relationship": "관계",
	"label.input.value": "값",
	"label.input.existingclient": "존재하는 클라이언트",
	"label.input.paymenttype": "지불 방식",
	"label.input.installmentinmultiplesof": "의 배수로 분할",
	"label.selectloanproduct": "대출 상품 선택",
	"label.tooltip.days": "대출 상품별로 설정",
	"loanStatusType.transfer.in.progress": "진행 중인 송금",
	"validation.msg.loan.productId.not.greater.than.zero": "선택한 상품이 올바르지 않습니다.",
	"validation.msg.loans.reassignment.loans.cannot.be.empty": "송금할 대출 계좌를 적어도 하나를 선택해야 합니다.",
	"validation.msg.Guarantor.firstname.cannot.be.blank": "이름은 필수입니다.",
	"validation.msg.Guarantor.lastname.cannot.be.blank": "성은 필수입니다.",
	"label.heading.paymentdetails": "지불 자세한 사항",
	"label.heading.banknumber": "은행#",
	"label.input.product": "상품",
	"label.input.sharesperclient": "클라이언트마다 공유",
	"label.input.paymentypeid": "지불 방식 ID",
	"label.input.showpaymentdetails": "지불 자세한 사항 보기",
	"label.input.banknumber": "은행#",
	"label.input.transfer.to.savings": "저축하기 위한 송금",
	"label.button.undo": "실행 취소",
	"label.button.withdrawnbyclient": "클라이언트별 인출",
	"label.button.withdraw": "인출",
	"label.button.transferFunds": "펀드 송금",
	"label.selectsavingproduct": "저축 상품 선택",
	"label.survey": "조사",
	"label.tooltip.productname": "저축 상품의 고유 식별자",
	"label.tooltip.interestcalculatedusing": "이자를 계산할 때 사용되는 방법",
	"label.tooltip.shareproductname": "공유 상품의 고유 식별자",
	"savingsWithdrawalFeesType.invalid": "유효하지 않음",
	"savings.interest.period.savingsCompoundingInterestPeriodType.invalid": "유효하지 않음",
	"savings.interest.posting.period.savingsPostingInterestPeriodType.invalid": "유효하지 않음",
	"savingsInterestCalculationDaysInYearType.invalid": "유효하지 않음",
	"savingsAccountTransactionType.withdrawTransfer": "인출 송금",
	"savingsAccountStatusType.transfer.in.progress": "진행 중인 송금",
	"label.heading.createuser": "사용자 만들기",
	"label.heading.permissions": "권한",
	"label.heading.edituser": "사용자 편집",
	"label.heading.systemusers": "시스템 사용자",
	"label.heading.newuser": "새 사용자",
	"label.heading.familyname": "성",
	"label.heading.usersettings": "사용자 설정",
	"label.heading.email": "이메일",
	"label.heading.changepassword": "비밀번호 바꾸기",
	"label.heading.roles": "역할",
	"label.anchor.users": "사용자",
	"label.anchor.createuser": "사용자 만들기",
	"label.anchor.edituser": "사용자 편집",
	"label.anchor.globalconfigurations": "전역 구성",
	"label.anchor.editconfiguration": "편집 구성",
	"label.input.username": "사용자 이름",
	"label.input.autogeneratepassword": "비밀번호 자동 생성",
	"label.input.password": "비밀번호",
	"label.input.repeatpassword": "비밀번호 다시 입력",
	"label.input.selectroles": "역할 선택",
	"label.input.generatepasswordandemailit": "비밀번호를 생성하고 메일 보내기",
	"label.input.roles": "역할",
	"label.input.selectedroles": "선택된 역할",
	"label.input.availableroles": "사용할 수 있는 역할",
	"label.button.createuser": "사용자 만들기",
	"label.button.changepassword": "비밀번호 바꾸기",
	"validation.msg.user.username.cannot.be.blank": "사용자 이름은 필수입니다.",
	"validation.msg.user.firstname.cannot.be.blank": "이름은 필수입니다.",
	"validation.msg.user.lastname.cannot.be.blank": "성은 필수입니다.",
	"validation.msg.user.email.cannot.be.blank": "이메일은 필수입니다.",
	"validation.msg.user.roles.cannot.be.empty": "사용자에게는 적어도 하나의 역할이 필요합니다.",
	"validation.msg.user.password.cannot.be.blank": "비밀번호는 필수입니다.",
	"validation.msg.user.password.exceeds.max.length": "비밀번호는 50자를 넘을 수 없습니다.",
	"validation.msg.user.repeatPassword.not.equal.to.password": "비밀번호와 다시 입력된 비밀번호가 일치하지 않습니다.",
	"error.msg.user.duplicate.username": "`{{params[0].value}}` 사용자 이름으로 된 사용자가 이미 존재합니다.",
	"label.heading.clients": "클라이언트",
	"label.anchor.importusers": "사용자",
	"label.anchor.importgroups": "그룹",
	"label.anchor.importfdtransactions": "정기 인출 거래",
	"label.anchor.importguarantor": "보증인",
	"label.anchor.editrole": "역할 편집",
	"label.button.addedit": "추가/편집",
	"validation.msg.office.name.cannot.be.blank": "이름은 필수입니다.",
	"error.msg.office.unknown.data.integrity.issue": "알 수 없는 데이터 무결성 문제가 발생했습니다.",
	"validation.msg.fund.name.cannot.be.blank": "이름은 필수입니다.",
	"validation.msg.fund.name.exceeds.max.length": "이름은 {{params[0].value}}자를 초과할 수 없습니다.",
	"validation.msg.staff.lastname.cannot.be.blank": "성은 필수입니다.",
	"validation.msg.staff.lastname.exceeds.max.length": "성은 {{params[0].value}}자를 초과할 수 없습니다.",
	"validation.msg.staff.firstname.cannot.be.blank": "이름은 필수입니다.",
	"validation.msg.staff.firstname.exceeds.max.length": "이름은 {{params[0].value}}자를 초과할 수 없습니다.",
	"validation.msg.holiday.date.cannot.be.past.date": "날짜는 과거 날짜가 될 수 없습니다",
	"validation.msg.invalid.dateFormat.format": "유효한 날짜를 입력해 주십시오",
	"validation.msg.tax.component.startDate.is.less.than.date": "시작 날짜는 현재 날짜, 이전 시작 날짜 이후이거나 동일해야 합니다",
	"label.tooltip.employees.active.true": "활성",
	"label.tooltip.employees.active.false": "비활성",
	"label.heading.addcode": "코드 추가",
	"label.heading.systemdefined": "시스템 정의",
	"label.heading.code": "코드",
	"label.heading.editcode": "코드 편집",
	"label.heading.editdatatable": "데이터 테이블 편집",
	"label.heading.newname": "새 이름",
	"label.heading.newcode": "새 코드",
	"label.heading.position": "위치",
	"label.heading.version": "버전",
	"label.heading.addcodevalue": "코드 값 추가",
	"label.heading.surveys": "모든 설문 조사 목록",
	"label.heading.createsurvey": "설문 조사 만들기",
	"label.heading.questions": "질문",
	"label.heading.countrycode": "국가 코드",
	"label.button.addquestion": "질문 추가",
	"label.button.addoption": "옵션 추가",
	"label.anchor.system": "시스템",
	"label.anchor.managecodes": "코드 관리",
	"label.anchor.addcode": "코드 추가",
	"label.anchor.managesurveys": "설문 조사 관리",
	"label.anchor.makedatatableentry": "데이터 테이블 만들기",
	"label.anchor.editcode": "코드 편집",
	"label.anchor.addrole": "역할 추가",
	"label.anchor.viewroles": "역할 보기",
	"label.anchor.viewrole": "역할 보기",
	"label.anchor.configuration": "구성",
	"label.anchor.addcodevalue": "코드 값 추가",
	"label.anchor.accountNumberPreferences": "계좌 번호 환경 설정",
	"label.anchor.externalServices": "외부 서비스",
	"label.anchor.addressConfiguration": "주소 구성",
	"label.input.addressline1": "주소 입력란 1",
	"label.input.addressline2": "주소 입력란 2",
	"label.input.addressline3": "주소 입력란 3",
	"label.input.town_village": "도시 / 마을",
	"label.input.county_district": "카운티 / 구역",
	"label.input.postal_code": "우편 번호",
	"label.input.latitude": "위도",
	"label.input.longitude": "경도",
	"label.input.position": "위치",
	"PaymentType": "지불 방식",
	"label.button.advancedoptions": "고급 옵션",
	"label.button.addcode": "코드 추가",
	"label.button.refresh": "새로 고침",
	"label.button.addcodevalues": "코드 값 추가",
	"label.button.viewhistory": "역사 보기",
	"label.button.addrole": "역할 추가",
	"label.button.editcode": "코드 편집",
	"label.button.createsurvey": "설문 조사 만들기",
	"label.selectstatus": "상태 선택",
	"label.client": "클라인언트",
	"label.group": "그룹",
	"label.office": "사무실",
	"label.datetime": "날짜 및 시간",
	"label.codevalueerror": "코드 값 오류",
	"label.systemdefinedcodedeletefailed": "시스템에 정의된 코드 값들은 삭제할 수 없습니다",
	"label.managedatatable": "데이터 테이블 관리",
	"No.Data.Found": "데이터가 없습니다.",
	"validation.msg.code.name.cannot.be.blank": "이름은 필수입니다.",
	"error.msg.code.systemdefined": "이 코드는 시스템에 정의되어 있기 때문에 수정하거나 삭제할 수 없습니다.",
	"validation.msg.code.value.name.cannot.be.blank": "이름은 필수입니다.",
	"validation.msg.role.name.cannot.be.blank": "이름은 필수입니다.",
	"validation.msg.role.name.exceeds.max.length": "이름은 {{params[0].value}}자를 초과할 수 없습니다.",
	"validation.msg.hook.required.config.field.not.provided": "`{{params[0].value}}` 구성 필드가 제공되지 않았습니다.",
	"validation.msg.hook.url.invalid": "유효하지 않은 URL.",
	"label.heading.addproductmix": "상품 조합 추가",
	"label.heading.productmix": "상품 조합",
	"label.heading.allowedproducts": "허용된 상품",
	"label.heading.chargepaymentmode": "지불 모드 바꾸기",
	"label.heading.paymenttype": "지불 방식",
	"label.heading.fundsource": "자금 출처",
	"label.heading.errorlog": "오류 기록",
	"label.heading.product": "상품",
	"label.heading.interestratedetails.description": "설명",
	"label.anchor.products": "상품",
	"label.anchor.loanproducts": "대출 상품",
	"label.anchor.createloanproduct": "대출 상품 만들기",
	"label.anchor.savingproducts": "저축 상품",
	"label.anchor.createshareproduct": "공유 상품 만들기",
	"label.anchor.createsavingproduct": "저축 상품 만들기",
	"label.anchor.editloanproduct": "대출 상품 편집",
	"label.anchor.productsmix": "상품 조합",
	"label.anchor.addproductmix": "상품 조합 추가",
	"label.add.row": "추가",
	"label.remove.row": "제거",
	"label.input.allowedproducts": "허용된 상품",
	"label.input.productname": "상품 이름",
	"label.input.enddate": "종료일",
	"label.input.none": "없음",
	"label.input.interestratechart.name": "이름",
	"label.button.createloanproduct": "대출 상품 만들기",
	"label.button.createshareproduct": "공유 상품 만들기",
	"label.selectproduct": "상품 선택",
	"label.notprovided": "제공되지 않음",
	"chargeAppliesTo.client": "클라이언트",
	"LoanProductValueConditionType.equal": "=",
	"LoanProductValueConditionType.greaterThan": ">",
	"chargepaymentmode.accounttransfer": "계좌 송금 모드",
	"validation.msg.charge.name.cannot.be.blank": "이름은 빈 칸으로 둘 수 없습니다.",
	"validation.msg.loanproduct.name.cannot.be.blank": "이름은 필수입니다.",
	"validation.msg.loanproduct.shortName.cannot.be.blank": "짧은 이름은 빈 칸으로 둘 수 없습니다.",
	"validation.msg.savingsproduct.name.cannot.be.blank": "이름은 필수입니다.",
	"validation.msg.savingsproduct.name.exceeds.max.length": "이름은 {{params[0].value}}자를 초과할 수 없습니다.",
	"products": "상품",
	"global": "구성",
	"addproductmix": "상품 조합 추가",
	"system": "시스템",
	"adminroles": "역할",
	"adminaddrole": "역할 추가",
	"clients": "클라이언트",
	"createclient": "클라이언트 만들기",
	"loanproducts": "대출 상품",
	"savingproducts": "저축 상품",
	"usersetting": "사용자 설정",
	"users": "사용자",
	"createuser": "사용자 만들기",
	"addcode": "코드 추가",
	"codes": "코드",
	"groups": "그룹",
	"login": "로그인",
	"viewcode": "코드 보기",
	"editcode": "코드 편집",
	"newclientsavingapplication": "새 클라이언트 저축",
	"viewaccounttransfers": "계좌 송금 보기",
	"viewgroup": "그룹 보기",
	"editgroup": "그룹 편집",
	"closegroup": "그룹 닫기",
	"addrole": "역할 추가",
	"transferclients": "송금 클라이언트",
	"viewproductmix": "상품 조합",
	"adminviewrole": "역할 보기",
	"adminroleedit": "역할 편집",
	"editclient": "클라이언트 편집",
	"transferclient": "송금 클라이언트",
	"addclientidentifierdocument": "클라이언트 ID 설명문서",
	"search": "쿼리 결과",
	"viewuser": "사용자 보기",
	"edituser": "사용자 편집",
	"adminusers": "시스템 사용자",
	"invalid": "유효하지 않음",
	"help": "도움말",
	"viewclient": "클라이언트 보기",
	"clientscreenreport": "클라이언트 화면 보고",
	"startDate": "시작 날짜",
	"label.input.edit": "편집",
	"label.menu.selectsavingproduct": "저축 상품 선택",
	"error.msg.client.active.for.update.parameter.savingsProductId": "클라이언트가 활성이 되면 저축 계좌를 수정할 수 없습니다",
	"label.input.selectclients": "클라이언트 선택",
	"label.input.selectedproducts": "선택한 상품",
	"label.heading.clientname": "클라이언트 이름",
	"label.button.filter": "필터",
	"label.heading.yes": "예",
	"label.input.officetemplate": "회사 서식",
	"label.input.trasnferaccpuntsuspence": "송금 책임 계좌",
	"validation.msg.loanproduct.liabilityTransferInSuspenseAccountId.cannot.be.blank": "송금 책임 계좌는 필수입니다",
	"label.input.clienttype": "클라이언트 유형",
	"label.menu.clienttype": "클라이언트 유형 선택",
	"label.menu.clientclassification": "클라이언트 분류 선택",
	"label.heading.interestratedetails.incentive.attributevalue": "값",
	"InterestIncentiveAttributeName.gender": "성별",
	"InterestIncentiveAttributeName.age": "나이",
	"InterestIncentiveAttributeName.clientType": "클라이언트 유형",
	"label.heading.guarantee.status": "상태",
	"guarantorFundStatusType.completed": "완료",
	"guarantorFundStatusType.deleted": "삭제됨",
	"label.heading.viewsavingaccount": "저축 예금 보기",
	"deposutAccountOnHoldTransactionType.release": "배포판",
	"label.anchor.tellercashmanagement": "텔러 / 계산원 관리",
	"label.anchor.createTeller": "텔러 만들기",
	"label.button.createteller": "새 텔러",
	"label.button.createcashier": "텔러를 위한 새 계산원",
	"label.heading.cashmgmt.tellerName": "텔러",
	"label.heading.cashmgmt.tellerStatus": "상태",
	"label.heading.cashmgmt.tellerStartDate": "시작한 날짜",
	"label.heading.cashmgmt.createTeller": "텔러 만들기",
	"label.input.teller.name": "텔러 이름",
	"label.input.teller.startDate": "시작 날짜",
	"label.input.teller.status": "상태",
	"label.heading.cashmgmt.tellerCashiers.period": "주기",
	"label.heading.cashmgmt.tellerCashiers.to": "수취인",
	"label.cashmgmt.cashier.isFullDay": "예",
	"label.input.teller.cashier.endDate": "마감일",
	"label.anchor.editteller": "텔러 편집",
	"label.button.cashier.allocatefunds": "금전 할당",
	"label.heading.cashmgmt.cashier.txnDetails": "자세한 사항",
	"label.heading.cashmgmt.cashier.txnAmountAlloc": "할당",
	"label.heading.cashmgmt.cashier.netAmount": "넷",
	"label.button.addpaymentdetail": "지불 자세한 사항 추가",
	"office_access_to_loan_products": "사무실 --> 대출 상품",
	"role_access_to_loan_products": "역할 --> 대출 상품",
	"label.anchor.paymentTypes": "지불 방식",
	"label.anchor.createpaymenttype": "지불 방식 만들기",
	"label.heading.iscashpayment": "현금 지불입니까?",
	"label.input.iscashpayment": "현금 지불입니까?",
	"label.externalServices": "외부 서비스 구성",
	"label.input.country": "국가",
	"label.input.cbproduct": "제품",
	"label.input.start_date": "시작 일자",
	"label.S3.description": "S3 아마존 서비스 구성",
	"label.SMTP.description": "이메일 서비스 구성",
	"label.SMS.description": "SMS 서비스 구성",
	"label.anchor.SMTP": "이메일 서비스",
	"error.msg.externalservice.servicename.invalid": "서비스 이름 `{{params[0].value}}`은(는) 존재하지 않습니다.",
	"label.heading.Survey": "조사",
	"label.surveyName": "조사 이름",
	"label.selectsurvey": "조사 선택",
	"Client Listing": "클라이언트 나열",
	"Client Loans Listing": "클라이언트 대출 나열",
	"Client Savings Summary": "클라이언트 저축 요약",
	"day.monday": "월요일",
	"day.tuesday": "화요일",
	"day.wednesday": "수요일",
	"day.thursday": "목요일",
	"day.friday": "금요일",
	"day.saturday": "토요일",
	"day.sunday": "일요일",
	"label.heading.mobilenumber": "휴대전화 번호",
	"label.heading.datatable": "데이터 표",
	"label.menu.entity": "개체",
	"label.menu.status": "상태",
	"label.input.datatable": "데이터 표",
	"label.input.systemdefined": "시스템 정의",
	"label.menu.product": "제품",
	"label.menu.datatable": "데이터 표",
	"label.button.create": "만들기",
	"m_group": "그룹",
	" # teller management localization": "---",
	"label.heading.notification": "알림",
	"label.input.query": "SQL 쿼리",
	"label.input.tablename": "테이블에 추가",
	"label.input.tablefields": "테이블 필드",
	"label.input.isactive": "상태",
	"label.heading.queryname": "이름",
	"label.heading.query": "SQL 쿼리",
	"label.heading.tableaffected": "영향을 받는 테이블",
	"label.anchor.adhoc": "AdHocQuery",
	"label.anchor.createadhoc": "AdHocQuery 만들기",
	"label.anchor.editadhoc": "AdHocQuery 편집",
	"label.heading.createadhocquery": "AdHocQuery 만들기",
	"label.heading.editadhocquery": "AdHocQuery 편집",
	"label.view.adhocs": "조직을 위한 AdHocQuery 정의",
	"label.input.options": "옵션",
	"label.heading.options": "옵션",
	"label.heading.question": "질문",
	"label.heading.editsurvey": "설문 조사 편집",
	"label.heading.survey": "조사",
	"label.heading.score": "점수",
	"label.button.takesurvey": "설문 조사 참가",
	"validation.msg.survey.question.key.cannot.be.blank": "질문 키는 빈 칸으로 둘 수 없습니다",
	"validation.msg.survey.question.text.cannot.be.blank": "질문 텍스트는 빈 칸으로 둘 수 없습니다",
	"validation.msg.survey.question.options.cannot.be.empty": "질문 옵션은 빈 칸으로 둘 수 없습니다",
	"validation.msg.survey.options.text.cannot.be.blank": "옵션 텍스트는 빈 칸으로 둘 수 없습니다",
	"validation.msg.survey.options.value.cannot.be.blank": "옵션 값은 빈 칸으로 둘 수 없습니다",
	"error.msg.survey.duplicate.key": "설문 조사가 이미 다음의 키로 존재합니다: `{{params[0].value}}`",
	"label.heading.deactivated": "비활성화됨",
	"label.button.deactivate": "비활성화",
	"error.msg.survey.cannot.be.modified.as.used.in.client.survey": "설문 조사를 수정할 수 없습니다. 클라이언트의 조사에서 사용되고 있습니다",
	"label.NOTIFICATION.description": "알림 설정",
	"label.heading.twofactor": "2요소 인증",
	"label.heading.sms": "SMS",
	"label.heading.token": "토큰",
	"label.otp.token": "인증 토큰",
	"label.button.otp.request": "토큰 요청",
	"label.button.tfa.remember_me": "이 컴퓨터를 기억하기",
	"label.otp.delivery.select.sms": "SMS로 {{target}}에 보내기",
	"label.otp.delivery.select.email": "이메일을 통해 {{target}}에 보내기",
	"label.otp.delivery.info": "인증 토큰 수신 방식을 선택해 주십시오.",
	"label.otp.verify.info": "수신한 인증 토큰을 입력해 주십시오.",
	"label.anchor.twofactorconfig": "2요소 구성",
	"label.twofactorconfig": "2요소 인증 구성 설정",
	"label.anchor.viewtwofactorconfig": "2요소 구성 보기",
	"label.anchor.edittwofactorconfig": "2요소 구성 편집",
	"error.otp.validate.invalid": "지정된 인증 토큰은 유효하지 않습니다",
	"error.otp.validate.other": "인증 토큰의 확인을 시도하는 동안 오류가 발생했습니다",
	"error.twofactor.config.disabled": "2요소 인증은 비활성화되어 있거나 서버에서 지원하지 않습니다!",
	"validation.msg.sharesproduct.description.cannot.be.blank": "설명은 빈 칸으로 둘 수 없습니다.",
	"label.createselfserviceuser": "셀프 서비스 사용자 만들기",
	"label.button.activateselfservice": "셀프 서비스 사용자 활성화",
	"label.button.selfserviceactivatehelp": "셀프 서비스 사용자 활성화 도움말",
	"label.createdselfserviceuser": "셀프 서비스 사용자가 성공적으로 만들어졌습니다",
	"label.input.new.emi": "새 EMI",
	"label.input.changeEMI": "EMI 변경",
	"----End---": "--파일 끝--"
}
